freq,Vout,deg
1.00E+04,-8.68E-03,-2.88E-03
1.01E+04,-8.68E-03,-2.92E-03
1.03E+04,-8.68E-03,-2.96E-03
1.04E+04,-8.68E-03,-3.00E-03
1.06E+04,-8.68E-03,-3.04E-03
1.07E+04,-8.68E-03,-3.08E-03
1.09E+04,-8.68E-03,-3.13E-03
1.10E+04,-8.68E-03,-3.17E-03
1.12E+04,-8.68E-03,-3.21E-03
1.13E+04,-8.68E-03,-3.26E-03
1.15E+04,-8.68E-03,-3.30E-03
1.16E+04,-8.68E-03,-3.35E-03
1.18E+04,-8.68E-03,-3.40E-03
1.20E+04,-8.68E-03,-3.45E-03
1.21E+04,-8.68E-03,-3.49E-03
1.23E+04,-8.68E-03,-3.54E-03
1.25E+04,-8.68E-03,-3.59E-03
1.27E+04,-8.68E-03,-3.64E-03
1.28E+04,-8.68E-03,-3.69E-03
1.30E+04,-8.68E-03,-3.74E-03
1.32E+04,-8.68E-03,-3.80E-03
1.34E+04,-8.68E-03,-3.85E-03
1.36E+04,-8.68E-03,-3.90E-03
1.38E+04,-8.68E-03,-3.96E-03
1.39E+04,-8.68E-03,-4.01E-03
1.41E+04,-8.68E-03,-4.07E-03
1.43E+04,-8.68E-03,-4.13E-03
1.45E+04,-8.68E-03,-4.18E-03
1.47E+04,-8.68E-03,-4.24E-03
1.49E+04,-8.68E-03,-4.30E-03
1.52E+04,-8.68E-03,-4.36E-03
1.54E+04,-8.68E-03,-4.42E-03
1.56E+04,-8.68E-03,-4.48E-03
1.58E+04,-8.68E-03,-4.55E-03
1.60E+04,-8.68E-03,-4.61E-03
1.62E+04,-8.68E-03,-4.67E-03
1.65E+04,-8.68E-03,-4.74E-03
1.67E+04,-8.68E-03,-4.81E-03
1.69E+04,-8.68E-03,-4.87E-03
1.72E+04,-8.68E-03,-4.94E-03
1.74E+04,-8.68E-03,-5.01E-03
1.77E+04,-8.68E-03,-5.08E-03
1.79E+04,-8.68E-03,-5.15E-03
1.82E+04,-8.68E-03,-5.22E-03
1.84E+04,-8.68E-03,-5.29E-03
1.87E+04,-8.68E-03,-5.37E-03
1.89E+04,-8.68E-03,-5.44E-03
1.92E+04,-8.68E-03,-5.52E-03
1.95E+04,-8.68E-03,-5.60E-03
1.97E+04,-8.68E-03,-5.68E-03
2.00E+04,-8.68E-03,-5.75E-03
2.03E+04,-8.68E-03,-5.83E-03
2.06E+04,-8.68E-03,-5.92E-03
2.08E+04,-8.68E-03,-6.00E-03
2.11E+04,-8.68E-03,-6.08E-03
2.14E+04,-8.68E-03,-6.17E-03
2.17E+04,-8.68E-03,-6.25E-03
2.20E+04,-8.68E-03,-6.34E-03
2.23E+04,-8.68E-03,-6.43E-03
2.27E+04,-8.68E-03,-6.52E-03
2.30E+04,-8.68E-03,-6.61E-03
2.33E+04,-8.68E-03,-6.70E-03
2.36E+04,-8.68E-03,-6.80E-03
2.39E+04,-8.68E-03,-6.89E-03
2.43E+04,-8.68E-03,-6.99E-03
2.46E+04,-8.68E-03,-7.08E-03
2.50E+04,-8.68E-03,-7.18E-03
2.53E+04,-8.68E-03,-7.28E-03
2.57E+04,-8.68E-03,-7.39E-03
2.60E+04,-8.68E-03,-7.49E-03
2.64E+04,-8.68E-03,-7.59E-03
2.68E+04,-8.68E-03,-7.70E-03
2.71E+04,-8.68E-03,-7.81E-03
2.75E+04,-8.68E-03,-7.92E-03
2.79E+04,-8.68E-03,-8.03E-03
2.83E+04,-8.68E-03,-8.14E-03
2.87E+04,-8.68E-03,-8.25E-03
2.91E+04,-8.68E-03,-8.37E-03
2.95E+04,-8.68E-03,-8.48E-03
2.99E+04,-8.68E-03,-8.60E-03
3.03E+04,-8.68E-03,-8.72E-03
3.07E+04,-8.68E-03,-8.84E-03
3.12E+04,-8.68E-03,-8.97E-03
3.16E+04,-8.68E-03,-9.09E-03
3.20E+04,-8.68E-03,-9.22E-03
3.25E+04,-8.68E-03,-9.35E-03
3.29E+04,-8.68E-03,-9.48E-03
3.34E+04,-8.68E-03,-9.61E-03
3.39E+04,-8.68E-03,-9.74E-03
3.43E+04,-8.68E-03,-9.88E-03
3.48E+04,-8.68E-03,-1.00E-02
3.53E+04,-8.68E-03,-1.02E-02
3.58E+04,-8.68E-03,-1.03E-02
3.63E+04,-8.68E-03,-1.04E-02
3.68E+04,-8.68E-03,-1.06E-02
3.73E+04,-8.68E-03,-1.07E-02
3.78E+04,-8.68E-03,-1.09E-02
3.84E+04,-8.68E-03,-1.10E-02
3.89E+04,-8.68E-03,-1.12E-02
3.94E+04,-8.68E-03,-1.14E-02
4.00E+04,-8.68E-03,-1.15E-02
4.06E+04,-8.68E-03,-1.17E-02
4.11E+04,-8.68E-03,-1.18E-02
4.17E+04,-8.68E-03,-1.20E-02
4.23E+04,-8.68E-03,-1.22E-02
4.29E+04,-8.68E-03,-1.23E-02
4.35E+04,-8.68E-03,-1.25E-02
4.41E+04,-8.68E-03,-1.27E-02
4.47E+04,-8.68E-03,-1.29E-02
4.53E+04,-8.68E-03,-1.30E-02
4.59E+04,-8.68E-03,-1.32E-02
4.66E+04,-8.68E-03,-1.34E-02
4.72E+04,-8.68E-03,-1.36E-02
4.79E+04,-8.68E-03,-1.38E-02
4.86E+04,-8.68E-03,-1.40E-02
4.92E+04,-8.68E-03,-1.42E-02
4.99E+04,-8.68E-03,-1.44E-02
5.06E+04,-8.68E-03,-1.46E-02
5.13E+04,-8.68E-03,-1.48E-02
5.21E+04,-8.68E-03,-1.50E-02
5.28E+04,-8.68E-03,-1.52E-02
5.35E+04,-8.68E-03,-1.54E-02
5.43E+04,-8.68E-03,-1.56E-02
5.50E+04,-8.68E-03,-1.58E-02
5.58E+04,-8.68E-03,-1.61E-02
5.66E+04,-8.68E-03,-1.63E-02
5.74E+04,-8.68E-03,-1.65E-02
5.82E+04,-8.68E-03,-1.67E-02
5.90E+04,-8.68E-03,-1.70E-02
5.98E+04,-8.68E-03,-1.72E-02
6.06E+04,-8.68E-03,-1.74E-02
6.15E+04,-8.68E-03,-1.77E-02
6.23E+04,-8.68E-03,-1.79E-02
6.32E+04,-8.68E-03,-1.82E-02
6.41E+04,-8.68E-03,-1.84E-02
6.50E+04,-8.68E-03,-1.87E-02
6.59E+04,-8.68E-03,-1.90E-02
6.68E+04,-8.68E-03,-1.92E-02
6.77E+04,-8.68E-03,-1.95E-02
6.87E+04,-8.68E-03,-1.98E-02
6.96E+04,-8.68E-03,-2.00E-02
7.06E+04,-8.68E-03,-2.03E-02
7.16E+04,-8.68E-03,-2.06E-02
7.26E+04,-8.68E-03,-2.09E-02
7.36E+04,-8.68E-03,-2.12E-02
7.46E+04,-8.68E-03,-2.15E-02
7.57E+04,-8.68E-03,-2.18E-02
7.67E+04,-8.68E-03,-2.21E-02
7.78E+04,-8.68E-03,-2.24E-02
7.89E+04,-8.68E-03,-2.27E-02
8.00E+04,-8.68E-03,-2.30E-02
8.11E+04,-8.68E-03,-2.33E-02
8.22E+04,-8.68E-03,-2.37E-02
8.34E+04,-8.68E-03,-2.40E-02
8.46E+04,-8.68E-03,-2.43E-02
8.57E+04,-8.68E-03,-2.47E-02
8.69E+04,-8.68E-03,-2.50E-02
8.82E+04,-8.68E-03,-2.54E-02
8.94E+04,-8.68E-03,-2.57E-02
9.06E+04,-8.68E-03,-2.61E-02
9.19E+04,-8.68E-03,-2.64E-02
9.32E+04,-8.68E-03,-2.68E-02
9.45E+04,-8.68E-03,-2.72E-02
9.58E+04,-8.68E-03,-2.76E-02
9.71E+04,-8.68E-03,-2.79E-02
9.85E+04,-8.68E-03,-2.83E-02
9.99E+04,-8.68E-03,-2.87E-02
1.01E+05,-8.68E-03,-2.91E-02
1.03E+05,-8.68E-03,-2.95E-02
1.04E+05,-8.68E-03,-3.00E-02
1.06E+05,-8.68E-03,-3.04E-02
1.07E+05,-8.68E-03,-3.08E-02
1.09E+05,-8.68E-03,-3.12E-02
1.10E+05,-8.68E-03,-3.17E-02
1.12E+05,-8.68E-03,-3.21E-02
1.13E+05,-8.68E-03,-3.26E-02
1.15E+05,-8.68E-03,-3.30E-02
1.16E+05,-8.68E-03,-3.35E-02
1.18E+05,-8.68E-03,-3.39E-02
1.20E+05,-8.68E-03,-3.44E-02
1.21E+05,-8.68E-03,-3.49E-02
1.23E+05,-8.68E-03,-3.54E-02
1.25E+05,-8.68E-03,-3.59E-02
1.26E+05,-8.68E-03,-3.64E-02
1.28E+05,-8.68E-03,-3.69E-02
1.30E+05,-8.68E-03,-3.74E-02
1.32E+05,-8.68E-03,-3.79E-02
1.34E+05,-8.68E-03,-3.84E-02
1.35E+05,-8.68E-03,-3.90E-02
1.37E+05,-8.68E-03,-3.95E-02
1.39E+05,-8.68E-03,-4.01E-02
1.41E+05,-8.68E-03,-4.06E-02
1.43E+05,-8.68E-03,-4.12E-02
1.45E+05,-8.68E-03,-4.18E-02
1.47E+05,-8.68E-03,-4.24E-02
1.49E+05,-8.68E-03,-4.30E-02
1.51E+05,-8.68E-03,-4.36E-02
1.53E+05,-8.68E-03,-4.42E-02
1.56E+05,-8.68E-03,-4.48E-02
1.58E+05,-8.68E-03,-4.54E-02
1.60E+05,-8.68E-03,-4.60E-02
1.62E+05,-8.68E-03,-4.67E-02
1.64E+05,-8.68E-03,-4.73E-02
1.67E+05,-8.68E-03,-4.80E-02
1.69E+05,-8.68E-03,-4.87E-02
1.71E+05,-8.68E-03,-4.93E-02
1.74E+05,-8.68E-03,-5.00E-02
1.76E+05,-8.68E-03,-5.07E-02
1.79E+05,-8.69E-03,-5.14E-02
1.81E+05,-8.69E-03,-5.22E-02
1.84E+05,-8.69E-03,-5.29E-02
1.86E+05,-8.69E-03,-5.36E-02
1.89E+05,-8.69E-03,-5.44E-02
1.92E+05,-8.69E-03,-5.51E-02
1.94E+05,-8.69E-03,-5.59E-02
1.97E+05,-8.69E-03,-5.67E-02
2.00E+05,-8.69E-03,-5.75E-02
2.03E+05,-8.69E-03,-5.83E-02
2.05E+05,-8.69E-03,-5.91E-02
2.08E+05,-8.69E-03,-5.99E-02
2.11E+05,-8.69E-03,-6.07E-02
2.14E+05,-8.69E-03,-6.16E-02
2.17E+05,-8.69E-03,-6.24E-02
2.20E+05,-8.69E-03,-6.33E-02
2.23E+05,-8.69E-03,-6.42E-02
2.26E+05,-8.69E-03,-6.51E-02
2.29E+05,-8.69E-03,-6.60E-02
2.33E+05,-8.69E-03,-6.69E-02
2.36E+05,-8.69E-03,-6.79E-02
2.39E+05,-8.69E-03,-6.88E-02
2.43E+05,-8.69E-03,-6.98E-02
2.46E+05,-8.69E-03,-7.07E-02
2.49E+05,-8.69E-03,-7.17E-02
2.53E+05,-8.69E-03,-7.27E-02
2.56E+05,-8.69E-03,-7.38E-02
2.60E+05,-8.69E-03,-7.48E-02
2.64E+05,-8.69E-03,-7.58E-02
2.67E+05,-8.69E-03,-7.69E-02
2.71E+05,-8.69E-03,-7.80E-02
2.75E+05,-8.69E-03,-7.90E-02
2.79E+05,-8.69E-03,-8.01E-02
2.82E+05,-8.69E-03,-8.13E-02
2.86E+05,-8.69E-03,-8.24E-02
2.90E+05,-8.69E-03,-8.36E-02
2.94E+05,-8.69E-03,-8.47E-02
2.99E+05,-8.69E-03,-8.59E-02
3.03E+05,-8.69E-03,-8.71E-02
3.07E+05,-8.69E-03,-8.83E-02
3.11E+05,-8.69E-03,-8.96E-02
3.16E+05,-8.69E-03,-9.08E-02
3.20E+05,-8.69E-03,-9.21E-02
3.24E+05,-8.69E-03,-9.34E-02
3.29E+05,-8.69E-03,-9.47E-02
3.34E+05,-8.69E-03,-9.60E-02
3.38E+05,-8.69E-03,-9.73E-02
3.43E+05,-8.69E-03,-9.87E-02
3.48E+05,-8.69E-03,-1.00E-01
3.53E+05,-8.70E-03,-1.01E-01
3.58E+05,-8.70E-03,-1.03E-01
3.63E+05,-8.70E-03,-1.04E-01
3.68E+05,-8.70E-03,-1.06E-01
3.73E+05,-8.70E-03,-1.07E-01
3.78E+05,-8.70E-03,-1.09E-01
3.83E+05,-8.70E-03,-1.10E-01
3.89E+05,-8.70E-03,-1.12E-01
3.94E+05,-8.70E-03,-1.13E-01
3.99E+05,-8.70E-03,-1.15E-01
4.05E+05,-8.70E-03,-1.17E-01
4.11E+05,-8.70E-03,-1.18E-01
4.16E+05,-8.70E-03,-1.20E-01
4.22E+05,-8.70E-03,-1.21E-01
4.28E+05,-8.70E-03,-1.23E-01
4.34E+05,-8.70E-03,-1.25E-01
4.40E+05,-8.70E-03,-1.27E-01
4.46E+05,-8.70E-03,-1.28E-01
4.53E+05,-8.70E-03,-1.30E-01
4.59E+05,-8.70E-03,-1.32E-01
4.65E+05,-8.71E-03,-1.34E-01
4.72E+05,-8.71E-03,-1.36E-01
4.78E+05,-8.71E-03,-1.38E-01
4.85E+05,-8.71E-03,-1.40E-01
4.92E+05,-8.71E-03,-1.41E-01
4.99E+05,-8.71E-03,-1.43E-01
5.06E+05,-8.71E-03,-1.45E-01
5.13E+05,-8.71E-03,-1.48E-01
5.20E+05,-8.71E-03,-1.50E-01
5.27E+05,-8.71E-03,-1.52E-01
5.34E+05,-8.71E-03,-1.54E-01
5.42E+05,-8.71E-03,-1.56E-01
5.49E+05,-8.71E-03,-1.58E-01
5.57E+05,-8.72E-03,-1.60E-01
5.65E+05,-8.72E-03,-1.63E-01
5.73E+05,-8.72E-03,-1.65E-01
5.81E+05,-8.72E-03,-1.67E-01
5.89E+05,-8.72E-03,-1.69E-01
5.97E+05,-8.72E-03,-1.72E-01
6.05E+05,-8.72E-03,-1.74E-01
6.14E+05,-8.72E-03,-1.77E-01
6.22E+05,-8.72E-03,-1.79E-01
6.31E+05,-8.73E-03,-1.82E-01
6.40E+05,-8.73E-03,-1.84E-01
6.49E+05,-8.73E-03,-1.87E-01
6.58E+05,-8.73E-03,-1.89E-01
6.67E+05,-8.73E-03,-1.92E-01
6.76E+05,-8.73E-03,-1.95E-01
6.86E+05,-8.73E-03,-1.97E-01
6.96E+05,-8.73E-03,-2.00E-01
7.05E+05,-8.74E-03,-2.03E-01
7.15E+05,-8.74E-03,-2.06E-01
7.25E+05,-8.74E-03,-2.09E-01
7.35E+05,-8.74E-03,-2.12E-01
7.45E+05,-8.74E-03,-2.14E-01
7.56E+05,-8.74E-03,-2.17E-01
7.66E+05,-8.75E-03,-2.20E-01
7.77E+05,-8.75E-03,-2.24E-01
7.88E+05,-8.75E-03,-2.27E-01
7.99E+05,-8.75E-03,-2.30E-01
8.10E+05,-8.75E-03,-2.33E-01
8.21E+05,-8.76E-03,-2.36E-01
8.33E+05,-8.76E-03,-2.40E-01
8.44E+05,-8.76E-03,-2.43E-01
8.56E+05,-8.76E-03,-2.46E-01
8.68E+05,-8.76E-03,-2.50E-01
8.80E+05,-8.77E-03,-2.53E-01
8.93E+05,-8.77E-03,-2.57E-01
9.05E+05,-8.77E-03,-2.60E-01
9.18E+05,-8.77E-03,-2.64E-01
9.31E+05,-8.78E-03,-2.68E-01
9.44E+05,-8.78E-03,-2.71E-01
9.57E+05,-8.78E-03,-2.75E-01
9.70E+05,-8.78E-03,-2.79E-01
9.84E+05,-8.79E-03,-2.83E-01
9.97E+05,-8.79E-03,-2.87E-01
1.01E+06,-8.79E-03,-2.91E-01
1.03E+06,-8.80E-03,-2.95E-01
1.04E+06,-8.80E-03,-2.99E-01
1.05E+06,-8.80E-03,-3.03E-01
1.07E+06,-8.81E-03,-3.08E-01
1.08E+06,-8.81E-03,-3.12E-01
1.10E+06,-8.81E-03,-3.16E-01
1.11E+06,-8.82E-03,-3.21E-01
1.13E+06,-8.82E-03,-3.25E-01
1.15E+06,-8.83E-03,-3.30E-01
1.16E+06,-8.83E-03,-3.34E-01
1.18E+06,-8.83E-03,-3.39E-01
1.19E+06,-8.84E-03,-3.44E-01
1.21E+06,-8.84E-03,-3.48E-01
1.23E+06,-8.85E-03,-3.53E-01
1.24E+06,-8.85E-03,-3.58E-01
1.26E+06,-8.86E-03,-3.63E-01
1.28E+06,-8.86E-03,-3.68E-01
1.30E+06,-8.87E-03,-3.73E-01
1.32E+06,-8.87E-03,-3.79E-01
1.33E+06,-8.88E-03,-3.84E-01
1.35E+06,-8.88E-03,-3.89E-01
1.37E+06,-8.89E-03,-3.95E-01
1.39E+06,-8.89E-03,-4.00E-01
1.41E+06,-8.90E-03,-4.06E-01
1.43E+06,-8.91E-03,-4.11E-01
1.45E+06,-8.91E-03,-4.17E-01
1.47E+06,-8.92E-03,-4.23E-01
1.49E+06,-8.92E-03,-4.29E-01
1.51E+06,-8.93E-03,-4.35E-01
1.53E+06,-8.94E-03,-4.41E-01
1.55E+06,-8.95E-03,-4.47E-01
1.58E+06,-8.95E-03,-4.53E-01
1.60E+06,-8.96E-03,-4.60E-01
1.62E+06,-8.97E-03,-4.66E-01
1.64E+06,-8.98E-03,-4.73E-01
1.67E+06,-8.99E-03,-4.79E-01
1.69E+06,-8.99E-03,-4.86E-01
1.71E+06,-9.00E-03,-4.93E-01
1.74E+06,-9.01E-03,-5.00E-01
1.76E+06,-9.02E-03,-5.07E-01
1.79E+06,-9.03E-03,-5.14E-01
1.81E+06,-9.04E-03,-5.21E-01
1.84E+06,-9.05E-03,-5.28E-01
1.86E+06,-9.06E-03,-5.35E-01
1.89E+06,-9.07E-03,-5.43E-01
1.91E+06,-9.08E-03,-5.50E-01
1.94E+06,-9.09E-03,-5.58E-01
1.97E+06,-9.11E-03,-5.66E-01
1.99E+06,-9.12E-03,-5.74E-01
2.02E+06,-9.13E-03,-5.82E-01
2.05E+06,-9.14E-03,-5.90E-01
2.08E+06,-9.16E-03,-5.98E-01
2.11E+06,-9.17E-03,-6.07E-01
2.14E+06,-9.18E-03,-6.15E-01
2.17E+06,-9.20E-03,-6.24E-01
2.20E+06,-9.21E-03,-6.32E-01
2.23E+06,-9.23E-03,-6.41E-01
2.26E+06,-9.24E-03,-6.50E-01
2.29E+06,-9.26E-03,-6.59E-01
2.32E+06,-9.27E-03,-6.68E-01
2.36E+06,-9.29E-03,-6.78E-01
2.39E+06,-9.31E-03,-6.87E-01
2.42E+06,-9.32E-03,-6.97E-01
2.46E+06,-9.34E-03,-7.07E-01
2.49E+06,-9.36E-03,-7.16E-01
2.52E+06,-9.38E-03,-7.26E-01
2.56E+06,-9.40E-03,-7.37E-01
2.60E+06,-9.42E-03,-7.47E-01
2.63E+06,-9.44E-03,-7.57E-01
2.67E+06,-9.46E-03,-7.68E-01
2.71E+06,-9.48E-03,-7.78E-01
2.74E+06,-9.51E-03,-7.89E-01
2.78E+06,-9.53E-03,-8.00E-01
2.82E+06,-9.55E-03,-8.12E-01
2.86E+06,-9.58E-03,-8.23E-01
2.90E+06,-9.60E-03,-8.34E-01
2.94E+06,-9.63E-03,-8.46E-01
2.98E+06,-9.66E-03,-8.58E-01
3.02E+06,-9.68E-03,-8.70E-01
3.07E+06,-9.71E-03,-8.82E-01
3.11E+06,-9.74E-03,-8.94E-01
3.15E+06,-9.77E-03,-9.07E-01
3.20E+06,-9.80E-03,-9.19E-01
3.24E+06,-9.83E-03,-9.32E-01
3.29E+06,-9.86E-03,-9.45E-01
3.33E+06,-9.90E-03,-9.58E-01
3.38E+06,-9.93E-03,-9.72E-01
3.43E+06,-9.97E-03,-9.85E-01
3.47E+06,-1.00E-02,-9.99E-01
3.52E+06,-1.00E-02,-1.01E+00
3.57E+06,-1.01E-02,-1.03E+00
3.62E+06,-1.01E-02,-1.04E+00
3.67E+06,-1.02E-02,-1.06E+00
3.72E+06,-1.02E-02,-1.07E+00
3.77E+06,-1.02E-02,-1.09E+00
3.83E+06,-1.03E-02,-1.10E+00
3.88E+06,-1.03E-02,-1.12E+00
3.93E+06,-1.04E-02,-1.13E+00
3.99E+06,-1.04E-02,-1.15E+00
4.05E+06,-1.05E-02,-1.16E+00
4.10E+06,-1.05E-02,-1.18E+00
4.16E+06,-1.06E-02,-1.20E+00
4.22E+06,-1.06E-02,-1.21E+00
4.28E+06,-1.07E-02,-1.23E+00
4.34E+06,-1.07E-02,-1.25E+00
4.40E+06,-1.08E-02,-1.26E+00
4.46E+06,-1.09E-02,-1.28E+00
4.52E+06,-1.09E-02,-1.30E+00
4.58E+06,-1.10E-02,-1.32E+00
4.65E+06,-1.10E-02,-1.34E+00
4.71E+06,-1.11E-02,-1.36E+00
4.78E+06,-1.12E-02,-1.37E+00
4.84E+06,-1.13E-02,-1.39E+00
4.91E+06,-1.13E-02,-1.41E+00
4.98E+06,-1.14E-02,-1.43E+00
5.05E+06,-1.15E-02,-1.45E+00
5.12E+06,-1.16E-02,-1.47E+00
5.19E+06,-1.16E-02,-1.49E+00
5.26E+06,-1.17E-02,-1.51E+00
5.34E+06,-1.18E-02,-1.54E+00
5.41E+06,-1.19E-02,-1.56E+00
5.49E+06,-1.20E-02,-1.58E+00
5.56E+06,-1.21E-02,-1.60E+00
5.64E+06,-1.22E-02,-1.62E+00
5.72E+06,-1.23E-02,-1.65E+00
5.80E+06,-1.24E-02,-1.67E+00
5.88E+06,-1.25E-02,-1.69E+00
5.96E+06,-1.26E-02,-1.72E+00
6.05E+06,-1.27E-02,-1.74E+00
6.13E+06,-1.28E-02,-1.76E+00
6.22E+06,-1.29E-02,-1.79E+00
6.30E+06,-1.30E-02,-1.81E+00
6.39E+06,-1.32E-02,-1.84E+00
6.48E+06,-1.33E-02,-1.86E+00
6.57E+06,-1.34E-02,-1.89E+00
6.66E+06,-1.35E-02,-1.92E+00
6.76E+06,-1.37E-02,-1.94E+00
6.85E+06,-1.38E-02,-1.97E+00
6.95E+06,-1.40E-02,-2.00E+00
7.04E+06,-1.41E-02,-2.03E+00
7.14E+06,-1.43E-02,-2.05E+00
7.24E+06,-1.44E-02,-2.08E+00
7.34E+06,-1.46E-02,-2.11E+00
7.44E+06,-1.47E-02,-2.14E+00
7.55E+06,-1.49E-02,-2.17E+00
7.65E+06,-1.51E-02,-2.20E+00
7.76E+06,-1.53E-02,-2.23E+00
7.87E+06,-1.55E-02,-2.26E+00
7.98E+06,-1.56E-02,-2.29E+00
8.09E+06,-1.58E-02,-2.33E+00
8.20E+06,-1.60E-02,-2.36E+00
8.32E+06,-1.63E-02,-2.39E+00
8.43E+06,-1.65E-02,-2.42E+00
8.55E+06,-1.67E-02,-2.46E+00
8.67E+06,-1.69E-02,-2.49E+00
8.79E+06,-1.71E-02,-2.53E+00
8.91E+06,-1.74E-02,-2.56E+00
9.04E+06,-1.76E-02,-2.60E+00
9.17E+06,-1.79E-02,-2.64E+00
9.29E+06,-1.81E-02,-2.67E+00
9.42E+06,-1.84E-02,-2.71E+00
9.55E+06,-1.87E-02,-2.75E+00
9.69E+06,-1.89E-02,-2.79E+00
9.82E+06,-1.92E-02,-2.82E+00
9.96E+06,-1.95E-02,-2.86E+00
1.01E+07,-1.98E-02,-2.90E+00
1.02E+07,-2.01E-02,-2.94E+00
1.04E+07,-2.05E-02,-2.98E+00
1.05E+07,-2.08E-02,-3.03E+00
1.07E+07,-2.11E-02,-3.07E+00
1.08E+07,-2.15E-02,-3.11E+00
1.10E+07,-2.19E-02,-3.15E+00
1.11E+07,-2.22E-02,-3.20E+00
1.13E+07,-2.26E-02,-3.24E+00
1.14E+07,-2.30E-02,-3.29E+00
1.16E+07,-2.34E-02,-3.33E+00
1.18E+07,-2.38E-02,-3.38E+00
1.19E+07,-2.42E-02,-3.43E+00
1.21E+07,-2.47E-02,-3.48E+00
1.23E+07,-2.51E-02,-3.52E+00
1.24E+07,-2.56E-02,-3.57E+00
1.26E+07,-2.61E-02,-3.62E+00
1.28E+07,-2.65E-02,-3.67E+00
1.30E+07,-2.70E-02,-3.72E+00
1.31E+07,-2.76E-02,-3.78E+00
1.33E+07,-2.81E-02,-3.83E+00
1.35E+07,-2.86E-02,-3.88E+00
1.37E+07,-2.92E-02,-3.94E+00
1.39E+07,-2.98E-02,-3.99E+00
1.41E+07,-3.04E-02,-4.05E+00
1.43E+07,-3.10E-02,-4.10E+00
1.45E+07,-3.16E-02,-4.16E+00
1.47E+07,-3.22E-02,-4.22E+00
1.49E+07,-3.29E-02,-4.28E+00
1.51E+07,-3.36E-02,-4.34E+00
1.53E+07,-3.43E-02,-4.40E+00
1.55E+07,-3.50E-02,-4.46E+00
1.57E+07,-3.57E-02,-4.52E+00
1.60E+07,-3.65E-02,-4.58E+00
1.62E+07,-3.73E-02,-4.64E+00
1.64E+07,-3.81E-02,-4.71E+00
1.66E+07,-3.89E-02,-4.77E+00
1.69E+07,-3.97E-02,-4.84E+00
1.71E+07,-4.06E-02,-4.91E+00
1.73E+07,-4.15E-02,-4.98E+00
1.76E+07,-4.24E-02,-5.05E+00
1.78E+07,-4.34E-02,-5.12E+00
1.81E+07,-4.43E-02,-5.19E+00
1.83E+07,-4.53E-02,-5.26E+00
1.86E+07,-4.63E-02,-5.33E+00
1.88E+07,-4.74E-02,-5.41E+00
1.91E+07,-4.85E-02,-5.48E+00
1.94E+07,-4.96E-02,-5.56E+00
1.96E+07,-5.07E-02,-5.63E+00
1.99E+07,-5.19E-02,-5.71E+00
2.02E+07,-5.31E-02,-5.79E+00
2.05E+07,-5.44E-02,-5.87E+00
2.08E+07,-5.57E-02,-5.95E+00
2.11E+07,-5.70E-02,-6.04E+00
2.13E+07,-5.83E-02,-6.12E+00
2.16E+07,-5.97E-02,-6.20E+00
2.19E+07,-6.11E-02,-6.29E+00
2.23E+07,-6.26E-02,-6.38E+00
2.26E+07,-6.41E-02,-6.47E+00
2.29E+07,-6.56E-02,-6.55E+00
2.32E+07,-6.72E-02,-6.65E+00
2.35E+07,-6.89E-02,-6.74E+00
2.39E+07,-7.06E-02,-6.83E+00
2.42E+07,-7.23E-02,-6.92E+00
2.45E+07,-7.41E-02,-7.02E+00
2.49E+07,-7.59E-02,-7.12E+00
2.52E+07,-7.77E-02,-7.22E+00
2.56E+07,-7.97E-02,-7.32E+00
2.59E+07,-8.17E-02,-7.42E+00
2.63E+07,-8.37E-02,-7.52E+00
2.67E+07,-8.58E-02,-7.62E+00
2.70E+07,-8.79E-02,-7.73E+00
2.74E+07,-9.01E-02,-7.83E+00
2.78E+07,-9.24E-02,-7.94E+00
2.82E+07,-9.47E-02,-8.05E+00
2.86E+07,-9.71E-02,-8.16E+00
2.90E+07,-9.96E-02,-8.28E+00
2.94E+07,-1.02E-01,-8.39E+00
2.98E+07,-1.05E-01,-8.50E+00
3.02E+07,-1.07E-01,-8.62E+00
3.06E+07,-1.10E-01,-8.74E+00
3.10E+07,-1.13E-01,-8.86E+00
3.15E+07,-1.16E-01,-8.98E+00
3.19E+07,-1.19E-01,-9.10E+00
3.24E+07,-1.22E-01,-9.23E+00
3.28E+07,-1.25E-01,-9.36E+00
3.33E+07,-1.28E-01,-9.48E+00
3.37E+07,-1.32E-01,-9.61E+00
3.42E+07,-1.35E-01,-9.75E+00
3.47E+07,-1.38E-01,-9.88E+00
3.52E+07,-1.42E-01,-1.00E+01
3.57E+07,-1.46E-01,-1.02E+01
3.62E+07,-1.50E-01,-1.03E+01
3.67E+07,-1.53E-01,-1.04E+01
3.72E+07,-1.57E-01,-1.06E+01
3.77E+07,-1.62E-01,-1.07E+01
3.82E+07,-1.66E-01,-1.09E+01
3.88E+07,-1.70E-01,-1.10E+01
3.93E+07,-1.75E-01,-1.12E+01
3.98E+07,-1.79E-01,-1.13E+01
4.04E+07,-1.84E-01,-1.15E+01
4.10E+07,-1.89E-01,-1.16E+01
4.15E+07,-1.94E-01,-1.18E+01
4.21E+07,-1.99E-01,-1.19E+01
4.27E+07,-2.04E-01,-1.21E+01
4.33E+07,-2.09E-01,-1.23E+01
4.39E+07,-2.15E-01,-1.24E+01
4.45E+07,-2.20E-01,-1.26E+01
4.51E+07,-2.26E-01,-1.28E+01
4.58E+07,-2.32E-01,-1.29E+01
4.64E+07,-2.38E-01,-1.31E+01
4.71E+07,-2.45E-01,-1.33E+01
4.77E+07,-2.51E-01,-1.35E+01
4.84E+07,-2.58E-01,-1.37E+01
4.90E+07,-2.64E-01,-1.38E+01
4.97E+07,-2.71E-01,-1.40E+01
5.04E+07,-2.79E-01,-1.42E+01
5.11E+07,-2.86E-01,-1.44E+01
5.18E+07,-2.93E-01,-1.46E+01
5.26E+07,-3.01E-01,-1.48E+01
5.33E+07,-3.09E-01,-1.50E+01
5.40E+07,-3.17E-01,-1.52E+01
5.48E+07,-3.26E-01,-1.54E+01
5.56E+07,-3.34E-01,-1.56E+01
5.63E+07,-3.43E-01,-1.58E+01
5.71E+07,-3.52E-01,-1.60E+01
5.79E+07,-3.61E-01,-1.62E+01
5.87E+07,-3.71E-01,-1.64E+01
5.96E+07,-3.81E-01,-1.66E+01
6.04E+07,-3.91E-01,-1.69E+01
6.12E+07,-4.01E-01,-1.71E+01
6.21E+07,-4.12E-01,-1.73E+01
6.30E+07,-4.22E-01,-1.75E+01
6.38E+07,-4.33E-01,-1.78E+01
6.47E+07,-4.45E-01,-1.80E+01
6.56E+07,-4.56E-01,-1.82E+01
6.65E+07,-4.68E-01,-1.85E+01
6.75E+07,-4.81E-01,-1.87E+01
6.84E+07,-4.93E-01,-1.90E+01
6.94E+07,-5.06E-01,-1.92E+01
7.03E+07,-5.19E-01,-1.95E+01
7.13E+07,-5.33E-01,-1.97E+01
7.23E+07,-5.47E-01,-2.00E+01
7.33E+07,-5.61E-01,-2.02E+01
7.43E+07,-5.75E-01,-2.05E+01
7.54E+07,-5.90E-01,-2.07E+01
7.64E+07,-6.06E-01,-2.10E+01
7.75E+07,-6.21E-01,-2.13E+01
7.86E+07,-6.37E-01,-2.15E+01
7.97E+07,-6.54E-01,-2.18E+01
8.08E+07,-6.70E-01,-2.21E+01
8.19E+07,-6.88E-01,-2.24E+01
8.31E+07,-7.05E-01,-2.26E+01
8.42E+07,-7.23E-01,-2.29E+01
8.54E+07,-7.42E-01,-2.32E+01
8.66E+07,-7.61E-01,-2.35E+01
8.78E+07,-7.80E-01,-2.38E+01
8.90E+07,-8.00E-01,-2.41E+01
9.03E+07,-8.20E-01,-2.44E+01
9.15E+07,-8.41E-01,-2.47E+01
9.28E+07,-8.62E-01,-2.50E+01
9.41E+07,-8.84E-01,-2.53E+01
9.54E+07,-9.06E-01,-2.56E+01
9.67E+07,-9.29E-01,-2.59E+01
9.81E+07,-9.52E-01,-2.62E+01
9.95E+07,-9.76E-01,-2.65E+01
1.01E+08,-1.00E+00,-2.69E+01
1.02E+08,-1.03E+00,-2.72E+01
1.04E+08,-1.05E+00,-2.75E+01
1.05E+08,-1.08E+00,-2.78E+01
1.07E+08,-1.10E+00,-2.82E+01
1.08E+08,-1.13E+00,-2.85E+01
1.10E+08,-1.16E+00,-2.88E+01
1.11E+08,-1.19E+00,-2.92E+01
1.13E+08,-1.22E+00,-2.95E+01
1.14E+08,-1.24E+00,-2.98E+01
1.16E+08,-1.27E+00,-3.02E+01
1.17E+08,-1.31E+00,-3.05E+01
1.19E+08,-1.34E+00,-3.09E+01
1.21E+08,-1.37E+00,-3.12E+01
1.22E+08,-1.40E+00,-3.16E+01
1.24E+08,-1.43E+00,-3.19E+01
1.26E+08,-1.47E+00,-3.23E+01
1.28E+08,-1.50E+00,-3.27E+01
1.29E+08,-1.54E+00,-3.30E+01
1.31E+08,-1.58E+00,-3.34E+01
1.33E+08,-1.61E+00,-3.38E+01
1.35E+08,-1.65E+00,-3.41E+01
1.37E+08,-1.69E+00,-3.45E+01
1.39E+08,-1.73E+00,-3.49E+01
1.41E+08,-1.77E+00,-3.52E+01
1.43E+08,-1.81E+00,-3.56E+01
1.45E+08,-1.85E+00,-3.60E+01
1.47E+08,-1.89E+00,-3.64E+01
1.49E+08,-1.93E+00,-3.67E+01
1.51E+08,-1.98E+00,-3.71E+01
1.53E+08,-2.02E+00,-3.75E+01
1.55E+08,-2.07E+00,-3.79E+01
1.57E+08,-2.11E+00,-3.83E+01
1.59E+08,-2.16E+00,-3.87E+01
1.62E+08,-2.21E+00,-3.91E+01
1.64E+08,-2.25E+00,-3.94E+01
1.66E+08,-2.30E+00,-3.98E+01
1.68E+08,-2.35E+00,-4.02E+01
1.71E+08,-2.40E+00,-4.06E+01
1.73E+08,-2.45E+00,-4.10E+01
1.76E+08,-2.51E+00,-4.14E+01
1.78E+08,-2.56E+00,-4.18E+01
1.81E+08,-2.61E+00,-4.22E+01
1.83E+08,-2.67E+00,-4.26E+01
1.86E+08,-2.72E+00,-4.30E+01
1.88E+08,-2.78E+00,-4.34E+01
1.91E+08,-2.84E+00,-4.38E+01
1.93E+08,-2.90E+00,-4.42E+01
1.96E+08,-2.95E+00,-4.46E+01
1.99E+08,-3.01E+00,-4.50E+01
2.02E+08,-3.07E+00,-4.54E+01
2.05E+08,-3.14E+00,-4.58E+01
2.07E+08,-3.20E+00,-4.62E+01
2.10E+08,-3.26E+00,-4.66E+01
2.13E+08,-3.33E+00,-4.70E+01
2.16E+08,-3.39E+00,-4.74E+01
2.19E+08,-3.46E+00,-4.77E+01
2.22E+08,-3.52E+00,-4.81E+01
2.25E+08,-3.59E+00,-4.85E+01
2.29E+08,-3.66E+00,-4.89E+01
2.32E+08,-3.73E+00,-4.93E+01
2.35E+08,-3.80E+00,-4.97E+01
2.38E+08,-3.87E+00,-5.01E+01
2.42E+08,-3.94E+00,-5.05E+01
2.45E+08,-4.01E+00,-5.09E+01
2.48E+08,-4.08E+00,-5.13E+01
2.52E+08,-4.16E+00,-5.17E+01
2.55E+08,-4.23E+00,-5.20E+01
2.59E+08,-4.31E+00,-5.24E+01
2.62E+08,-4.38E+00,-5.28E+01
2.66E+08,-4.46E+00,-5.32E+01
2.70E+08,-4.54E+00,-5.36E+01
2.74E+08,-4.61E+00,-5.40E+01
2.77E+08,-4.69E+00,-5.43E+01
2.81E+08,-4.77E+00,-5.47E+01
2.85E+08,-4.85E+00,-5.51E+01
2.89E+08,-4.94E+00,-5.55E+01
2.93E+08,-5.02E+00,-5.58E+01
2.97E+08,-5.10E+00,-5.62E+01
3.02E+08,-5.18E+00,-5.66E+01
3.06E+08,-5.27E+00,-5.69E+01
3.10E+08,-5.35E+00,-5.73E+01
3.14E+08,-5.44E+00,-5.76E+01
3.19E+08,-5.52E+00,-5.80E+01
3.23E+08,-5.61E+00,-5.84E+01
3.28E+08,-5.70E+00,-5.87E+01
3.32E+08,-5.79E+00,-5.91E+01
3.37E+08,-5.88E+00,-5.94E+01
3.42E+08,-5.97E+00,-5.98E+01
3.46E+08,-6.06E+00,-6.01E+01
3.51E+08,-6.15E+00,-6.04E+01
3.56E+08,-6.24E+00,-6.08E+01
3.61E+08,-6.33E+00,-6.11E+01
3.66E+08,-6.42E+00,-6.15E+01
3.71E+08,-6.52E+00,-6.18E+01
3.76E+08,-6.61E+00,-6.21E+01
3.82E+08,-6.70E+00,-6.24E+01
3.87E+08,-6.80E+00,-6.28E+01
3.92E+08,-6.90E+00,-6.31E+01
3.98E+08,-6.99E+00,-6.34E+01
4.03E+08,-7.09E+00,-6.37E+01
4.09E+08,-7.18E+00,-6.40E+01
4.15E+08,-7.28E+00,-6.44E+01
4.21E+08,-7.38E+00,-6.47E+01
4.26E+08,-7.48E+00,-6.50E+01
4.32E+08,-7.58E+00,-6.53E+01
4.38E+08,-7.68E+00,-6.56E+01
4.45E+08,-7.78E+00,-6.59E+01
4.51E+08,-7.88E+00,-6.62E+01
4.57E+08,-7.98E+00,-6.65E+01
4.63E+08,-8.08E+00,-6.67E+01
4.70E+08,-8.18E+00,-6.70E+01
4.76E+08,-8.28E+00,-6.73E+01
4.83E+08,-8.39E+00,-6.76E+01
4.90E+08,-8.49E+00,-6.79E+01
4.97E+08,-8.59E+00,-6.82E+01
5.04E+08,-8.70E+00,-6.84E+01
5.11E+08,-8.80E+00,-6.87E+01
5.18E+08,-8.91E+00,-6.90E+01
5.25E+08,-9.01E+00,-6.92E+01
5.32E+08,-9.12E+00,-6.95E+01
5.40E+08,-9.22E+00,-6.97E+01
5.47E+08,-9.33E+00,-7.00E+01
5.55E+08,-9.44E+00,-7.03E+01
5.63E+08,-9.54E+00,-7.05E+01
5.71E+08,-9.65E+00,-7.08E+01
5.78E+08,-9.76E+00,-7.10E+01
5.87E+08,-9.87E+00,-7.12E+01
5.95E+08,-9.97E+00,-7.15E+01
6.03E+08,-1.01E+01,-7.17E+01
6.11E+08,-1.02E+01,-7.20E+01
6.20E+08,-1.03E+01,-7.22E+01
6.29E+08,-1.04E+01,-7.24E+01
6.37E+08,-1.05E+01,-7.27E+01
6.46E+08,-1.06E+01,-7.29E+01
6.55E+08,-1.07E+01,-7.31E+01
6.65E+08,-1.08E+01,-7.33E+01
6.74E+08,-1.10E+01,-7.35E+01
6.83E+08,-1.11E+01,-7.37E+01
6.93E+08,-1.12E+01,-7.40E+01
7.02E+08,-1.13E+01,-7.42E+01
7.12E+08,-1.14E+01,-7.44E+01
7.22E+08,-1.15E+01,-7.46E+01
7.32E+08,-1.16E+01,-7.48E+01
7.42E+08,-1.17E+01,-7.50E+01
7.53E+08,-1.19E+01,-7.52E+01
7.63E+08,-1.20E+01,-7.54E+01
7.74E+08,-1.21E+01,-7.56E+01
7.85E+08,-1.22E+01,-7.58E+01
7.96E+08,-1.23E+01,-7.59E+01
8.07E+08,-1.24E+01,-7.61E+01
8.18E+08,-1.25E+01,-7.63E+01
8.30E+08,-1.26E+01,-7.65E+01
8.41E+08,-1.28E+01,-7.67E+01
8.53E+08,-1.29E+01,-7.69E+01
8.65E+08,-1.30E+01,-7.70E+01
8.77E+08,-1.31E+01,-7.72E+01
8.89E+08,-1.32E+01,-7.74E+01
9.01E+08,-1.33E+01,-7.75E+01
9.14E+08,-1.34E+01,-7.77E+01
9.27E+08,-1.36E+01,-7.79E+01
9.40E+08,-1.37E+01,-7.80E+01
9.53E+08,-1.38E+01,-7.82E+01
9.66E+08,-1.39E+01,-7.84E+01
9.80E+08,-1.40E+01,-7.85E+01
9.93E+08,-1.41E+01,-7.87E+01
1.01E+09,-1.43E+01,-7.88E+01
1.02E+09,-1.44E+01,-7.90E+01
1.04E+09,-1.45E+01,-7.91E+01
1.05E+09,-1.46E+01,-7.93E+01
1.06E+09,-1.47E+01,-7.94E+01
1.08E+09,-1.48E+01,-7.95E+01
1.09E+09,-1.50E+01,-7.97E+01
1.11E+09,-1.51E+01,-7.98E+01
1.13E+09,-1.52E+01,-8.00E+01
1.14E+09,-1.53E+01,-8.01E+01
1.16E+09,-1.54E+01,-8.02E+01
1.17E+09,-1.55E+01,-8.04E+01
1.19E+09,-1.57E+01,-8.05E+01
1.21E+09,-1.58E+01,-8.06E+01
1.22E+09,-1.59E+01,-8.08E+01
1.24E+09,-1.60E+01,-8.09E+01
1.26E+09,-1.61E+01,-8.10E+01
1.27E+09,-1.62E+01,-8.11E+01
1.29E+09,-1.64E+01,-8.12E+01
1.31E+09,-1.65E+01,-8.14E+01
1.33E+09,-1.66E+01,-8.15E+01
1.35E+09,-1.67E+01,-8.16E+01
1.37E+09,-1.68E+01,-8.17E+01
1.39E+09,-1.69E+01,-8.18E+01
1.40E+09,-1.71E+01,-8.19E+01
1.42E+09,-1.72E+01,-8.20E+01
1.44E+09,-1.73E+01,-8.21E+01
1.46E+09,-1.74E+01,-8.23E+01
1.48E+09,-1.75E+01,-8.24E+01
1.51E+09,-1.77E+01,-8.25E+01
1.53E+09,-1.78E+01,-8.26E+01
1.55E+09,-1.79E+01,-8.27E+01
1.57E+09,-1.80E+01,-8.28E+01
1.59E+09,-1.81E+01,-8.29E+01
1.61E+09,-1.82E+01,-8.30E+01
1.64E+09,-1.84E+01,-8.31E+01
1.66E+09,-1.85E+01,-8.32E+01
1.68E+09,-1.86E+01,-8.32E+01
1.71E+09,-1.87E+01,-8.33E+01
1.73E+09,-1.88E+01,-8.34E+01
1.75E+09,-1.90E+01,-8.35E+01
1.78E+09,-1.91E+01,-8.36E+01
1.80E+09,-1.92E+01,-8.37E+01
1.83E+09,-1.93E+01,-8.38E+01
1.85E+09,-1.94E+01,-8.39E+01
1.88E+09,-1.96E+01,-8.40E+01
1.91E+09,-1.97E+01,-8.40E+01
1.93E+09,-1.98E+01,-8.41E+01
1.96E+09,-1.99E+01,-8.42E+01
1.99E+09,-2.00E+01,-8.43E+01
2.01E+09,-2.02E+01,-8.44E+01
2.04E+09,-2.03E+01,-8.44E+01
2.07E+09,-2.04E+01,-8.45E+01
2.10E+09,-2.05E+01,-8.46E+01
2.13E+09,-2.06E+01,-8.47E+01
2.16E+09,-2.07E+01,-8.47E+01
2.19E+09,-2.09E+01,-8.48E+01
2.22E+09,-2.10E+01,-8.49E+01
2.25E+09,-2.11E+01,-8.49E+01
2.28E+09,-2.12E+01,-8.50E+01
2.31E+09,-2.13E+01,-8.51E+01
2.35E+09,-2.15E+01,-8.51E+01
2.38E+09,-2.16E+01,-8.52E+01
2.41E+09,-2.17E+01,-8.53E+01
2.45E+09,-2.18E+01,-8.53E+01
2.48E+09,-2.19E+01,-8.54E+01
2.51E+09,-2.21E+01,-8.55E+01
2.55E+09,-2.22E+01,-8.55E+01
2.59E+09,-2.23E+01,-8.56E+01
2.62E+09,-2.24E+01,-8.57E+01
2.66E+09,-2.25E+01,-8.57E+01
2.70E+09,-2.27E+01,-8.58E+01
2.73E+09,-2.28E+01,-8.58E+01
2.77E+09,-2.29E+01,-8.59E+01
2.81E+09,-2.30E+01,-8.59E+01
2.85E+09,-2.31E+01,-8.60E+01
2.89E+09,-2.33E+01,-8.61E+01
2.93E+09,-2.34E+01,-8.61E+01
2.97E+09,-2.35E+01,-8.62E+01
3.01E+09,-2.36E+01,-8.62E+01
3.05E+09,-2.37E+01,-8.63E+01
3.10E+09,-2.39E+01,-8.63E+01
3.14E+09,-2.40E+01,-8.64E+01
3.18E+09,-2.41E+01,-8.64E+01
3.23E+09,-2.42E+01,-8.65E+01
3.27E+09,-2.43E+01,-8.65E+01
3.32E+09,-2.45E+01,-8.66E+01
3.36E+09,-2.46E+01,-8.66E+01
3.41E+09,-2.47E+01,-8.67E+01
3.46E+09,-2.48E+01,-8.67E+01
3.51E+09,-2.49E+01,-8.68E+01
3.56E+09,-2.51E+01,-8.68E+01
3.61E+09,-2.52E+01,-8.68E+01
3.66E+09,-2.53E+01,-8.69E+01
3.71E+09,-2.54E+01,-8.69E+01
3.76E+09,-2.55E+01,-8.70E+01
3.81E+09,-2.57E+01,-8.70E+01
3.86E+09,-2.58E+01,-8.71E+01
3.92E+09,-2.59E+01,-8.71E+01
3.97E+09,-2.60E+01,-8.71E+01
4.03E+09,-2.61E+01,-8.72E+01
4.09E+09,-2.63E+01,-8.72E+01
4.14E+09,-2.64E+01,-8.72E+01
4.20E+09,-2.65E+01,-8.73E+01
4.26E+09,-2.66E+01,-8.73E+01
4.32E+09,-2.67E+01,-8.74E+01
4.38E+09,-2.69E+01,-8.74E+01
4.44E+09,-2.70E+01,-8.74E+01
4.50E+09,-2.71E+01,-8.75E+01
4.56E+09,-2.72E+01,-8.75E+01
4.63E+09,-2.73E+01,-8.75E+01
4.69E+09,-2.75E+01,-8.76E+01
4.76E+09,-2.76E+01,-8.76E+01
4.82E+09,-2.77E+01,-8.76E+01
4.89E+09,-2.78E+01,-8.77E+01
4.96E+09,-2.79E+01,-8.77E+01
5.03E+09,-2.81E+01,-8.77E+01
5.10E+09,-2.82E+01,-8.78E+01
5.17E+09,-2.83E+01,-8.78E+01
5.24E+09,-2.84E+01,-8.78E+01
5.32E+09,-2.85E+01,-8.79E+01
5.39E+09,-2.87E+01,-8.79E+01
5.47E+09,-2.88E+01,-8.79E+01
5.54E+09,-2.89E+01,-8.79E+01
5.62E+09,-2.90E+01,-8.80E+01
5.70E+09,-2.91E+01,-8.80E+01
5.78E+09,-2.93E+01,-8.80E+01
5.86E+09,-2.94E+01,-8.81E+01
5.94E+09,-2.95E+01,-8.81E+01
6.02E+09,-2.96E+01,-8.81E+01
6.11E+09,-2.97E+01,-8.81E+01
6.19E+09,-2.99E+01,-8.82E+01
6.28E+09,-3.00E+01,-8.82E+01
6.37E+09,-3.01E+01,-8.82E+01
6.45E+09,-3.02E+01,-8.82E+01
6.54E+09,-3.03E+01,-8.83E+01
6.64E+09,-3.05E+01,-8.83E+01
6.73E+09,-3.06E+01,-8.83E+01
6.82E+09,-3.07E+01,-8.83E+01
6.92E+09,-3.08E+01,-8.84E+01
7.01E+09,-3.09E+01,-8.84E+01
7.11E+09,-3.11E+01,-8.84E+01
7.21E+09,-3.12E+01,-8.84E+01
7.31E+09,-3.13E+01,-8.84E+01
7.41E+09,-3.14E+01,-8.85E+01
7.52E+09,-3.16E+01,-8.85E+01
7.62E+09,-3.17E+01,-8.85E+01
7.73E+09,-3.18E+01,-8.85E+01
7.84E+09,-3.19E+01,-8.85E+01
7.95E+09,-3.20E+01,-8.86E+01
8.06E+09,-3.22E+01,-8.86E+01
8.17E+09,-3.23E+01,-8.86E+01
8.28E+09,-3.24E+01,-8.86E+01
8.40E+09,-3.25E+01,-8.86E+01
8.52E+09,-3.26E+01,-8.87E+01
8.64E+09,-3.28E+01,-8.87E+01
8.76E+09,-3.29E+01,-8.87E+01
8.88E+09,-3.30E+01,-8.87E+01
9.00E+09,-3.31E+01,-8.87E+01
9.13E+09,-3.32E+01,-8.88E+01
9.26E+09,-3.34E+01,-8.88E+01
9.39E+09,-3.35E+01,-8.88E+01
9.52E+09,-3.36E+01,-8.88E+01
9.65E+09,-3.37E+01,-8.88E+01
9.78E+09,-3.38E+01,-8.88E+01
9.92E+09,-3.40E+01,-8.88E+01
1.01E+10,-3.41E+01,-8.89E+01
1.02E+10,-3.42E+01,-8.89E+01
1.03E+10,-3.43E+01,-8.89E+01
1.05E+10,-3.44E+01,-8.89E+01
1.06E+10,-3.46E+01,-8.89E+01
1.08E+10,-3.47E+01,-8.89E+01
1.09E+10,-3.48E+01,-8.90E+01
1.11E+10,-3.49E+01,-8.90E+01
1.12E+10,-3.50E+01,-8.90E+01
1.14E+10,-3.52E+01,-8.90E+01
1.16E+10,-3.53E+01,-8.90E+01
1.17E+10,-3.54E+01,-8.90E+01
1.19E+10,-3.55E+01,-8.90E+01
1.20E+10,-3.56E+01,-8.91E+01
1.22E+10,-3.58E+01,-8.91E+01
1.24E+10,-3.59E+01,-8.91E+01
1.26E+10,-3.60E+01,-8.91E+01
1.27E+10,-3.61E+01,-8.91E+01
1.29E+10,-3.62E+01,-8.91E+01
1.31E+10,-3.64E+01,-8.91E+01
1.33E+10,-3.65E+01,-8.91E+01
1.35E+10,-3.66E+01,-8.92E+01
1.36E+10,-3.67E+01,-8.92E+01
1.38E+10,-3.68E+01,-8.92E+01
1.40E+10,-3.70E+01,-8.92E+01
1.42E+10,-3.71E+01,-8.92E+01
1.44E+10,-3.72E+01,-8.92E+01
1.46E+10,-3.73E+01,-8.92E+01
1.48E+10,-3.74E+01,-8.92E+01
1.50E+10,-3.76E+01,-8.92E+01
1.52E+10,-3.77E+01,-8.93E+01
1.55E+10,-3.78E+01,-8.93E+01
1.57E+10,-3.79E+01,-8.93E+01
1.59E+10,-3.81E+01,-8.93E+01
1.61E+10,-3.82E+01,-8.93E+01
1.63E+10,-3.83E+01,-8.93E+01
1.66E+10,-3.84E+01,-8.93E+01
1.68E+10,-3.85E+01,-8.93E+01
1.70E+10,-3.87E+01,-8.93E+01
1.73E+10,-3.88E+01,-8.93E+01
1.75E+10,-3.89E+01,-8.93E+01
1.78E+10,-3.90E+01,-8.94E+01
1.80E+10,-3.91E+01,-8.94E+01
1.83E+10,-3.93E+01,-8.94E+01
1.85E+10,-3.94E+01,-8.94E+01
1.88E+10,-3.95E+01,-8.94E+01
1.90E+10,-3.96E+01,-8.94E+01
1.93E+10,-3.97E+01,-8.94E+01
1.96E+10,-3.99E+01,-8.94E+01
1.98E+10,-4.00E+01,-8.94E+01
2.01E+10,-4.01E+01,-8.94E+01
2.04E+10,-4.02E+01,-8.94E+01
2.07E+10,-4.03E+01,-8.94E+01
2.10E+10,-4.05E+01,-8.95E+01
2.13E+10,-4.06E+01,-8.95E+01
2.16E+10,-4.07E+01,-8.95E+01
2.19E+10,-4.08E+01,-8.95E+01
2.22E+10,-4.09E+01,-8.95E+01
2.25E+10,-4.11E+01,-8.95E+01
2.28E+10,-4.12E+01,-8.95E+01
2.31E+10,-4.13E+01,-8.95E+01
2.34E+10,-4.14E+01,-8.95E+01
2.38E+10,-4.15E+01,-8.95E+01
2.41E+10,-4.17E+01,-8.95E+01
2.44E+10,-4.18E+01,-8.95E+01
2.48E+10,-4.19E+01,-8.95E+01
2.51E+10,-4.20E+01,-8.95E+01
2.55E+10,-4.21E+01,-8.96E+01
2.58E+10,-4.23E+01,-8.96E+01
2.62E+10,-4.24E+01,-8.96E+01
2.65E+10,-4.25E+01,-8.96E+01
2.69E+10,-4.26E+01,-8.96E+01
2.73E+10,-4.27E+01,-8.96E+01
2.77E+10,-4.29E+01,-8.96E+01
2.81E+10,-4.30E+01,-8.96E+01
2.85E+10,-4.31E+01,-8.96E+01
2.88E+10,-4.32E+01,-8.96E+01
2.92E+10,-4.33E+01,-8.96E+01
2.97E+10,-4.35E+01,-8.96E+01
3.01E+10,-4.36E+01,-8.96E+01
3.05E+10,-4.37E+01,-8.96E+01
3.09E+10,-4.38E+01,-8.96E+01
3.13E+10,-4.40E+01,-8.96E+01
3.18E+10,-4.41E+01,-8.96E+01
3.22E+10,-4.42E+01,-8.96E+01
3.27E+10,-4.43E+01,-8.97E+01
3.31E+10,-4.44E+01,-8.97E+01
3.36E+10,-4.46E+01,-8.97E+01
3.41E+10,-4.47E+01,-8.97E+01
3.45E+10,-4.48E+01,-8.97E+01
3.50E+10,-4.49E+01,-8.97E+01
3.55E+10,-4.50E+01,-8.97E+01
3.60E+10,-4.52E+01,-8.97E+01
3.65E+10,-4.53E+01,-8.97E+01
3.70E+10,-4.54E+01,-8.97E+01
3.75E+10,-4.55E+01,-8.97E+01
3.81E+10,-4.56E+01,-8.97E+01
3.86E+10,-4.58E+01,-8.97E+01
3.91E+10,-4.59E+01,-8.97E+01
3.97E+10,-4.60E+01,-8.97E+01
4.02E+10,-4.61E+01,-8.97E+01
4.08E+10,-4.62E+01,-8.97E+01
4.14E+10,-4.64E+01,-8.97E+01
4.19E+10,-4.65E+01,-8.97E+01
4.25E+10,-4.66E+01,-8.97E+01
4.31E+10,-4.67E+01,-8.97E+01
4.37E+10,-4.68E+01,-8.97E+01
4.43E+10,-4.70E+01,-8.97E+01
4.50E+10,-4.71E+01,-8.97E+01
4.56E+10,-4.72E+01,-8.97E+01
4.62E+10,-4.73E+01,-8.98E+01
4.69E+10,-4.74E+01,-8.98E+01
4.75E+10,-4.76E+01,-8.98E+01
4.82E+10,-4.77E+01,-8.98E+01
4.89E+10,-4.78E+01,-8.98E+01
4.95E+10,-4.79E+01,-8.98E+01
5.02E+10,-4.80E+01,-8.98E+01
5.09E+10,-4.82E+01,-8.98E+01
5.16E+10,-4.83E+01,-8.98E+01
5.24E+10,-4.84E+01,-8.98E+01
5.31E+10,-4.85E+01,-8.98E+01
5.38E+10,-4.86E+01,-8.98E+01
5.46E+10,-4.88E+01,-8.98E+01
5.53E+10,-4.89E+01,-8.98E+01
5.61E+10,-4.90E+01,-8.98E+01
5.69E+10,-4.91E+01,-8.98E+01
5.77E+10,-4.92E+01,-8.98E+01
5.85E+10,-4.94E+01,-8.98E+01
5.93E+10,-4.95E+01,-8.98E+01
6.01E+10,-4.96E+01,-8.98E+01
6.10E+10,-4.97E+01,-8.98E+01
6.18E+10,-4.99E+01,-8.98E+01
6.27E+10,-5.00E+01,-8.98E+01
6.36E+10,-5.01E+01,-8.98E+01
6.45E+10,-5.02E+01,-8.98E+01
6.54E+10,-5.03E+01,-8.98E+01
6.63E+10,-5.05E+01,-8.98E+01
6.72E+10,-5.06E+01,-8.98E+01
6.81E+10,-5.07E+01,-8.98E+01
6.91E+10,-5.08E+01,-8.98E+01
7.01E+10,-5.09E+01,-8.98E+01
7.10E+10,-5.11E+01,-8.98E+01
7.20E+10,-5.12E+01,-8.98E+01
7.30E+10,-5.13E+01,-8.98E+01
7.40E+10,-5.14E+01,-8.98E+01
7.51E+10,-5.15E+01,-8.98E+01
7.61E+10,-5.17E+01,-8.99E+01
7.72E+10,-5.18E+01,-8.99E+01
7.83E+10,-5.19E+01,-8.99E+01
7.94E+10,-5.20E+01,-8.99E+01
8.05E+10,-5.21E+01,-8.99E+01
8.16E+10,-5.23E+01,-8.99E+01
8.27E+10,-5.24E+01,-8.99E+01
8.39E+10,-5.25E+01,-8.99E+01
8.51E+10,-5.26E+01,-8.99E+01
8.62E+10,-5.27E+01,-8.99E+01
8.74E+10,-5.29E+01,-8.99E+01
8.87E+10,-5.30E+01,-8.99E+01
8.99E+10,-5.31E+01,-8.99E+01
9.12E+10,-5.32E+01,-8.99E+01
9.24E+10,-5.33E+01,-8.99E+01
9.37E+10,-5.35E+01,-8.99E+01
9.50E+10,-5.36E+01,-8.99E+01
9.64E+10,-5.37E+01,-8.99E+01
9.77E+10,-5.38E+01,-8.99E+01
9.91E+10,-5.39E+01,-8.99E+01
1.00E+11,-5.40E+01,-8.99E+01
1.00E+11,-5.40E+01,-8.99E+01
