Freq.,VOut,OutRef

1.00000000000000e+004,-1.04669609234343e+001,-1.51743305038877e-001

1.01395947979003e+004,-1.04669614305466e+001,-1.53861460248105e-001

1.02811382665607e+004,-1.04669619518931e+001,-1.56009179457665e-001

1.04246576084112e+004,-1.04669624878726e+001,-1.58186875181726e-001

1.05701804056138e+004,-1.04669630388951e+001,-1.60394965684557e-001

1.07177346253629e+004,-1.04669636053821e+001,-1.62633875062012e-001

1.08673486252606e+004,-1.04669641877668e+001,-1.64904033319796e-001

1.10190511587661e+004,-1.04669647864945e+001,-1.67205876459985e-001

1.11728713807222e+004,-1.04669654020230e+001,-1.69539846559685e-001

1.13288388529580e+004,-1.04669660348229e+001,-1.71906391857245e-001

1.14869835499703e+004,-1.04669666853777e+001,-1.74305966841053e-001

1.16473358646846e+004,-1.04669673541846e+001,-1.76739032330663e-001

1.18099266142953e+004,-1.04669680417546e+001,-1.79206055569125e-001

1.19747870461893e+004,-1.04669687486130e+001,-1.81707510309467e-001

1.21419488439505e+004,-1.04669694752996e+001,-1.84243876907506e-001

1.23114441334492e+004,-1.04669702223693e+001,-1.86815642411213e-001

1.24833054890161e+004,-1.04669709903928e+001,-1.89423300654279e-001

1.26575659397028e+004,-1.04669717799560e+001,-1.92067352353028e-001

1.28342589756290e+004,-1.04669725916615e+001,-1.94748305197992e-001

1.30134185544193e+004,-1.04669734261289e+001,-1.97466673951256e-001

1.31950791077289e+004,-1.04669742839947e+001,-2.00222980547596e-001

1.33792755478611e+004,-1.04669751659132e+001,-2.03017754190167e-001

1.35660432744767e+004,-1.04669760725568e+001,-2.05851531455648e-001

1.37554181813974e+004,-1.04669770046169e+001,-2.08724856391017e-001

1.39474366635040e+004,-1.04669779628039e+001,-2.11638280620630e-001

1.41421356237309e+004,-1.04669789478476e+001,-2.14592363453288e-001

1.43395524801583e+004,-1.04669799604988e+001,-2.17587671982879e-001

1.45397251732031e+004,-1.04669810015286e+001,-2.20624781200933e-001

1.47426921729110e+004,-1.04669820717296e+001,-2.23704274104578e-001

1.49484924863494e+004,-1.04669831719166e+001,-2.26826741806251e-001

1.51571656651040e+004,-1.04669843029269e+001,-2.29992783647842e-001

1.53687518128801e+004,-1.04669854656207e+001,-2.33203007314631e-001

1.55832915932100e+004,-1.04669866608824e+001,-2.36458028949638e-001

1.58008262372675e+004,-1.04669878896209e+001,-2.39758473269741e-001

1.60213975517924e+004,-1.04669891527701e+001,-2.43104973687941e-001

1.62450479271247e+004,-1.04669904512896e+001,-2.46498172429398e-001

1.64718203453514e+004,-1.04669917861661e+001,-2.49938720655277e-001

1.67017583885674e+004,-1.04669931584131e+001,-2.53427278587252e-001

1.69349062472505e+004,-1.04669945690721e+001,-2.56964515630803e-001

1.71713087287550e+004,-1.04669960192136e+001,-2.60551110503336e-001

1.74110112659224e+004,-1.04669975099376e+001,-2.64187751361024e-001

1.76540599258131e+004,-1.04669990423744e+001,-2.67875135932192e-001

1.79005014185594e+004,-1.04670006176853e+001,-2.71613971647129e-001

1.81503831063432e+004,-1.04670022370642e+001,-2.75404975770727e-001

1.84037530124975e+004,-1.04670039017374e+001,-2.79248875541221e-001

1.86606598307361e+004,-1.04670056129650e+001,-2.83146408307606e-001

1.89211529345119e+004,-1.04670073720416e+001,-2.87098321666107e-001

1.91852823865052e+004,-1.04670091802981e+001,-2.91105373602828e-001

1.94530989482457e+004,-1.04670110391012e+001,-2.95168332638303e-001

1.97246540898671e+004,-1.04670129498555e+001,-2.99287977970603e-001

1.99999999999999e+004,-1.04670149140043e+001,-3.03465099622218e-001

2.02791895958005e+004,-1.04670169330302e+001,-3.07700498591122e-001

2.05622765331213e+004,-1.04670190084564e+001,-3.11994987000484e-001

2.08493152168224e+004,-1.04670211418483e+001,-3.16349388248917e-001

2.11403608112276e+004,-1.04670233348136e+001,-3.20764537171423e-001

2.14354692507258e+004,-1.04670255890041e+001,-3.25241280191711e-001

2.17346972505211e+004,-1.04670279061170e+001,-3.29780475481408e-001

2.20381023175322e+004,-1.04670302878955e+001,-3.34382993123910e-001

2.23457427614443e+004,-1.04670327361307e+001,-3.39049715275804e-001

2.26576777059159e+004,-1.04670352526622e+001,-3.43781536333534e-001

2.29739670999406e+004,-1.04670378393798e+001,-3.48579363100939e-001

2.32946717293690e+004,-1.04670404982248e+001,-3.53444114957176e-001

2.36198532285905e+004,-1.04670432311913e+001,-3.58376724032067e-001

2.39495740923785e+004,-1.04670460403273e+001,-3.63378135378663e-001

2.42838976879009e+004,-1.04670489277367e+001,-3.68449307149727e-001

2.46228882668982e+004,-1.04670518955801e+001,-3.73591210778702e-001

2.49666109780322e+004,-1.04670549460769e+001,-3.78804831158182e-001

2.53151318794055e+004,-1.04670580815062e+001,-3.84091166827527e-001

2.56685179512580e+004,-1.04670613042090e+001,-3.89451230153576e-001

2.60268371088386e+004,-1.04670646165893e+001,-3.94886047525787e-001

2.63901582154578e+004,-1.04670680211156e+001,-4.00396659542727e-001

2.67585510957221e+004,-1.04670715203234e+001,-4.05984121205066e-001

2.71320865489533e+004,-1.04670751168159e+001,-4.11649502117152e-001

2.75108363627948e+004,-1.04670788132665e+001,-4.17393886677195e-001

2.78948733270080e+004,-1.04670826124200e+001,-4.23218374286997e-001

2.82842712474618e+004,-1.04670865170948e+001,-4.29124079549578e-001

2.86791049603164e+004,-1.04670905301849e+001,-4.35112132477197e-001

2.90794503464061e+004,-1.04670946546610e+001,-4.41183678701719e-001

2.94853843458219e+004,-1.04670988935735e+001,-4.47339879684259e-001

2.98969849726987e+004,-1.04671032500538e+001,-4.53581912931215e-001

3.03143313302078e+004,-1.04671077273164e+001,-4.59910972209374e-001

3.07375036257601e+004,-1.04671123286613e+001,-4.66328267767764e-001

3.11665831864199e+004,-1.04671170574755e+001,-4.72835026558919e-001

3.16016524745350e+004,-1.04671219172360e+001,-4.79432492464704e-001

3.20427951035848e+004,-1.04671269115113e+001,-4.86121926524122e-001

3.24900958542493e+004,-1.04671320439637e+001,-4.92904607165429e-001

3.29436406907028e+004,-1.04671373183522e+001,-4.99781830438800e-001

3.34035167771346e+004,-1.04671427385341e+001,-5.06754910254266e-001

3.38698124945009e+004,-1.04671483084677e+001,-5.13825178621048e-001

3.43426174575100e+004,-1.04671540322148e+001,-5.20993985890550e-001

3.48220225318448e+004,-1.04671599139431e+001,-5.28262701001679e-001

3.53081198516260e+004,-1.04671659579286e+001,-5.35632711731425e-001

3.58010028371187e+004,-1.04671721685582e+001,-5.43105424944090e-001

3.63007662126863e+004,-1.04671785503325e+001,-5.50682266848882e-001

3.68075060249948e+004,-1.04671851078682e+001,-5.58364683257098e-001

3.73213196614721e+004,-1.04671918459011e+001,-5.66154139841134e-001

3.78423058690237e+004,-1.04671987692883e+001,-5.74052122404534e-001

3.83705647730104e+004,-1.04672058830115e+001,-5.82060137142772e-001

3.89061978964912e+004,-1.04672131921798e+001,-5.90179710919916e-001

3.94493081797342e+004,-1.04672207020322e+001,-5.98412391538780e-001

3.99999999999998e+004,-1.04672284179407e+001,-6.06759748021375e-001

4.05583791916010e+004,-1.04672363454135e+001,-6.15223370886468e-001

4.11245530662425e+004,-1.04672444900978e+001,-6.23804872436277e-001

4.16986304336447e+004,-1.04672528577826e+001,-6.32505887042531e-001

4.22807216224550e+004,-1.04672614544021e+001,-6.41328071437648e-001

4.28709385014515e+004,-1.04672702860387e+001,-6.50273105009676e-001

4.34693945010421e+004,-1.04672793589263e+001,-6.59342690097641e-001

4.40762046350642e+004,-1.04672886794529e+001,-6.68538552295374e-001

4.46914855228886e+004,-1.04672982541648e+001,-6.77862440754039e-001

4.53153554118317e+004,-1.04673080897687e+001,-6.87316128492245e-001

4.59479341998812e+004,-1.04673181931363e+001,-6.96901412704046e-001

4.65893434587380e+004,-1.04673285713059e+001,-7.06620115079765e-001

4.72397064571810e+004,-1.04673392314875e+001,-7.16474082118968e-001

4.78991481847569e+004,-1.04673501810646e+001,-7.26465185457694e-001

4.85677953758016e+004,-1.04673614275988e+001,-7.36595322190783e-001

4.92457765337964e+004,-1.04673729788324e+001,-7.46866415203515e-001

4.99332219560642e+004,-1.04673848426917e+001,-7.57280413505526e-001

5.06302637588109e+004,-1.04673970272911e+001,-7.67839292565856e-001

5.13370359025159e+004,-1.04674095409357e+001,-7.78545054656329e-001

5.20536742176771e+004,-1.04674223921251e+001,-7.89399729194138e-001

5.27803164309155e+004,-1.04674355895568e+001,-8.00405373090396e-001

5.35171021914442e+004,-1.04674491421291e+001,-8.11564071104839e-001

5.42641730979066e+004,-1.04674630589449e+001,-8.22877936199145e-001

5.50216727255895e+004,-1.04674773493149e+001,-8.34349109897104e-001

5.57897466540159e+004,-1.04674920227607e+001,-8.45979762650147e-001

5.65685424949235e+004,-1.04675070890183e+001,-8.57772094203585e-001

5.73582099206328e+004,-1.04675225580408e+001,-8.69728333969404e-001

5.81589006928121e+004,-1.04675384400021e+001,-8.81850741400733e-001

5.89707686916437e+004,-1.04675547452995e+001,-8.94141606372471e-001

5.97939699453972e+004,-1.04675714845570e+001,-9.06603249564455e-001

6.06286626604156e+004,-1.04675886686280e+001,-9.19238022849366e-001

6.14750072515201e+004,-1.04676063085982e+001,-9.32048309684442e-001

6.23331663728396e+004,-1.04676244157882e+001,-9.45036525507252e-001

6.32033049490698e+004,-1.04676430017565e+001,-9.58205118135993e-001

6.40855902071694e+004,-1.04676620783011e+001,-9.71556568174255e-001

6.49801917084985e+004,-1.04676816574629e+001,-9.85093389417528e-001

6.58872813814055e+004,-1.04677017515268e+001,-9.98818129268753e-001

6.68070335542691e+004,-1.04677223730248e+001,-1.01273336915214e+000

6.77396249890018e+004,-1.04677435347366e+001,-1.02684172493730e+000

6.86852349150199e+004,-1.04677652496925e+001,-1.04114584736277e+000

6.96440450636895e+004,-1.04677875311737e+001,-1.05564842246670e+000

7.06162397032520e+004,-1.04678103927142e+001,-1.07035217202237e+000

7.16020056742374e+004,-1.04678338481013e+001,-1.08525985397555e+000

7.26015324253724e+004,-1.04678579113765e+001,-1.10037426288875e+000

7.36150120499896e+004,-1.04678825968359e+001,-1.11569823038941e+000

7.46426393229441e+004,-1.04679079190299e+001,-1.13123462562271e+000

7.56846117380472e+004,-1.04679338927635e+001,-1.14698635570812e+000

7.67411295460207e+004,-1.04679605330952e+001,-1.16295636620359e+000

7.78123957929823e+004,-1.04679878553360e+001,-1.17914764157089e+000

7.88986163594682e+004,-1.04680158750482e+001,-1.19556320564896e+000

7.99999999999995e+004,-1.04680446080439e+001,-1.21220612212963e+000

8.11167583832018e+004,-1.04680740703817e+001,-1.22907949504126e+000

8.22491061324848e+004,-1.04681042783651e+001,-1.24618646923561e+000

8.33972608672892e+004,-1.04681352485383e+001,-1.26353023087983e+000

8.45614432449099e+004,-1.04681669976829e+001,-1.28111400795636e+000

8.57418770029029e+004,-1.04681995428133e+001,-1.29894107076395e+000

8.69387890020841e+004,-1.04682329011718e+001,-1.31701473243021e+000

8.81524092701283e+004,-1.04682670902227e+001,-1.33533834942361e+000

8.93829710457770e+004,-1.04683021276466e+001,-1.35391532207659e+000

9.06307108236633e+004,-1.04683380313324e+001,-1.37274909511191e+000

9.18958683997622e+004,-1.04683748193706e+001,-1.39184315817543e+000

9.31786869174758e+004,-1.04684125100438e+001,-1.41120104637739e+000

9.44794129143618e+004,-1.04684511218183e+001,-1.43082634083685e+000

9.57982963695136e+004,-1.04684906733327e+001,-1.45072266923686e+000

9.71355907516031e+004,-1.04685311833878e+001,-1.47089370638305e+000

9.84915530675926e+004,-1.04685726709340e+001,-1.49134317477162e+000

9.98664439121282e+004,-1.04686151550583e+001,-1.51207484516513e+000

1.01260527517622e+005,-1.04686586549703e+001,-1.53309253717366e+000

1.02674071805032e+005,-1.04687031899868e+001,-1.55440011984685e+000

1.04107348435354e+005,-1.04687487795159e+001,-1.57600151227214e+000

1.05560632861831e+005,-1.04687954430391e+001,-1.59790068418286e+000

1.07034204382888e+005,-1.04688432000928e+001,-1.62010165657511e+000

1.08528346195813e+005,-1.04688920702486e+001,-1.64260850233264e+000

1.10043345451179e+005,-1.04689420730914e+001,-1.66542534686418e+000

1.11579493308032e+005,-1.04689932281978e+001,-1.68855636874742e+000

1.13137084989847e+005,-1.04690455551113e+001,-1.71200580038621e+000

1.14716419841265e+005,-1.04690990733169e+001,-1.73577792867870e+000

1.16317801385624e+005,-1.04691538022147e+001,-1.75987709569294e+000

1.17941537383287e+005,-1.04692097610910e+001,-1.78430769936057e+000

1.19587939890794e+005,-1.04692669690883e+001,-1.80907419417825e+000

1.21257325320831e+005,-1.04693254451736e+001,-1.83418109192250e+000

1.22950014503040e+005,-1.04693852081053e+001,-1.85963296238054e+000

1.24666332745679e+005,-1.04694462763974e+001,-1.88543443409345e+000

1.26406609898139e+005,-1.04695086682834e+001,-1.91159019511342e+000

1.28171180414339e+005,-1.04695724016776e+001,-1.93810499377726e+000

1.29960383416997e+005,-1.04696374941337e+001,-1.96498363949725e+000

1.31774562762811e+005,-1.04697039628038e+001,-1.99223100356550e+000

1.33614067108538e+005,-1.04697718243927e+001,-2.01985201997971e+000

1.35479249978003e+005,-1.04698410951129e+001,-2.04785168628300e+000

1.37370469830040e+005,-1.04699117906355e+001,-2.07623506442634e+000

1.39288090127379e+005,-1.04699839260407e+001,-2.10500728164898e+000

1.41232479406504e+005,-1.04700575157650e+001,-2.13417353138045e+000

1.43204011348474e+005,-1.04701325735476e+001,-2.16373907416261e+000

1.45203064850745e+005,-1.04702091123736e+001,-2.19370923859686e+000

1.47230024099979e+005,-1.04702871444161e+001,-2.22408942231214e+000

1.49285278645888e+005,-1.04703666809756e+001,-2.25488509295852e+000

1.51369223476094e+005,-1.04704477324178e+001,-2.28610178922646e+000

1.53482259092041e+005,-1.04705303081092e+001,-2.31774512189136e+000

1.55624791585964e+005,-1.04706144163506e+001,-2.34982077488711e+000

1.57797232718936e+005,-1.04707000643086e+001,-2.38233450640584e+000

1.59999999999999e+005,-1.04707872579455e+001,-2.41529215002989e+000

1.62233516766403e+005,-1.04708760019472e+001,-2.44869961589079e+000

1.64498212264969e+005,-1.04709662996482e+001,-2.48256289186435e+000

1.66794521734578e+005,-1.04710581529569e+001,-2.51688804479403e+000

1.69122886489819e+005,-1.04711515622769e+001,-2.55168122175175e+000

1.71483754005805e+005,-1.04712465264281e+001,-2.58694865133026e+000

1.73877578004168e+005,-1.04713430425656e+001,-2.62269664497561e+000

1.76304818540256e+005,-1.04714411060974e+001,-2.65893159835223e+000

1.78765942091554e+005,-1.04715407106005e+001,-2.69565999274987e+000

1.81261421647326e+005,-1.04716418477354e+001,-2.73288839652740e+000

1.83791736799524e+005,-1.04717445071602e+001,-2.77062346659859e+000

1.86357373834951e+005,-1.04718486764432e+001,-2.80887194995794e+000

1.88958825828723e+005,-1.04719543409742e+001,-2.84764068524982e+000

1.91596592739027e+005,-1.04720614838762e+001,-2.88693660437934e+000

1.94271181503206e+005,-1.04721700859150e+001,-2.92676673416962e+000

1.96983106135185e+005,-1.04722801254098e+001,-2.96713819806286e+000

1.99732887824256e+005,-1.04723915781424e+001,-3.00805821786610e+000

2.02521055035243e+005,-1.04725044172674e+001,-3.04953411554606e+000

2.05348143610063e+005,-1.04726186132214e+001,-3.09157331506994e+000

2.08214696870707e+005,-1.04727341336337e+001,-3.13418334429336e+000

2.11121265723661e+005,-1.04728509432366e+001,-3.17737183689839e+000

2.14068408765776e+005,-1.04729690037771e+001,-3.22114653438042e+000

2.17056692391625e+005,-1.04730882739292e+001,-3.26551528808189e+000

2.20086690902357e+005,-1.04732087092077e+001,-3.31048606127959e+000

2.23158986616063e+005,-1.04733302618833e+001,-3.35606693131804e+000

2.26274169979693e+005,-1.04734528808996e+001,-3.40226609179560e+000

2.29432839682530e+005,-1.04735765117916e+001,-3.44909185479805e+000

2.32635602771247e+005,-1.04737010966069e+001,-3.49655265318433e+000

2.35883074766574e+005,-1.04738265738292e+001,-3.54465704291956e+000

2.39175879781588e+005,-1.04739528783040e+001,-3.59341370545816e+000

2.42514650641661e+005,-1.04740799411679e+001,-3.64283145017679e+000

2.45900029006080e+005,-1.04742076897806e+001,-3.69291921685225e+000

2.49332665491357e+005,-1.04743360476603e+001,-3.74368607819091e+000

2.52813219796278e+005,-1.04744649344228e+001,-3.79514124240023e+000

2.56342360828676e+005,-1.04745942657242e+001,-3.84729405580977e+000

2.59920766833993e+005,-1.04747239532082e+001,-3.90015400553314e+000

2.63549125525621e+005,-1.04748539044564e+001,-3.95373072217694e+000

2.67228134217075e+005,-1.04749840229440e+001,-4.00803398258720e+000

2.70958499956006e+005,-1.04751142080001e+001,-4.06307371264076e+000

2.74740939660078e+005,-1.04752443547714e+001,-4.11885999007255e+000

2.78576180254757e+005,-1.04753743541921e+001,-4.17540304734209e+000

2.82464958813007e+005,-1.04755040929580e+001,-4.23271327453396e+000

2.86408022696948e+005,-1.04756334535054e+001,-4.29080122229397e+000

2.90406129701488e+005,-1.04757623139957e+001,-4.34967760479624e+000

2.94460048199957e+005,-1.04758905483041e+001,-4.40935330274083e+000

2.98570557291775e+005,-1.04760180260145e+001,-4.46983936637923e+000

3.02738446952187e+005,-1.04761446124181e+001,-4.53114701856632e+000

3.06964518184081e+005,-1.04762701685186e+001,-4.59328765783604e+000

3.11249583171928e+005,-1.04763945510406e+001,-4.65627286150039e+000

3.15594465437872e+005,-1.04765176124442e+001,-4.72011438876637e+000

3.19999999999997e+005,-1.04766392009436e+001,-4.78482418387316e+000

3.24467033532806e+005,-1.04767591605301e+001,-4.85041437924397e+000

3.28996424529938e+005,-1.04768773310005e+001,-4.91689729865268e+000

3.33589043469155e+005,-1.04769935479877e+001,-4.98428546040261e+000

3.38245772979638e+005,-1.04771076429971e+001,-5.05259158051593e+000

3.42967508011610e+005,-1.04772194434456e+001,-5.12182857593159e+000

3.47755156008335e+005,-1.04773287727034e+001,-5.19200956771129e+000

3.52609637080511e+005,-1.04774354501402e+001,-5.26314788424985e+000

3.57531884183106e+005,-1.04775392911727e+001,-5.33525706449208e+000

3.62522843294651e+005,-1.04776401073145e+001,-5.40835086115142e+000

3.67583473599047e+005,-1.04777377062284e+001,-5.48244324393120e+000

3.72714747669902e+005,-1.04778318917795e+001,-5.55754840274860e+000

3.77917651657445e+005,-1.04779224640891e+001,-5.63368075095831e+000

3.83193185478053e+005,-1.04780092195896e+001,-5.71085492857732e+000

3.88542363006410e+005,-1.04780919510791e+001,-5.78908580551074e+000

3.93966212270369e+005,-1.04781704477750e+001,-5.86838848477694e+000

3.99465775648511e+005,-1.04782444953675e+001,-5.94877830573422e+000

4.05042110070485e+005,-1.04783138760707e+001,-6.03027084730884e+000

4.10696287220124e+005,-1.04783783686721e+001,-6.11288193122385e+000

4.16429393741414e+005,-1.04784377485794e+001,-6.19662762523235e+000

4.22242531447321e+005,-1.04784917878645e+001,-6.28152424635355e+000

4.28136817531551e+005,-1.04785402553028e+001,-6.36758836411652e+000

4.34113384783250e+005,-1.04785829164105e+001,-6.45483680380769e+000

4.40173381804713e+005,-1.04786195334744e+001,-6.54328664973175e+000

4.46317973232124e+005,-1.04786498655795e+001,-6.63295524848059e+000

4.52548339959385e+005,-1.04786736686289e+001,-6.72386021221769e+000

4.58865679365059e+005,-1.04786906953586e+001,-6.81601942197885e+000

4.65271205542494e+005,-1.04787006953453e+001,-6.90945103099143e+000

4.71766149533147e+005,-1.04787034150081e+001,-7.00417346801634e+000

4.78351759563174e+005,-1.04786985976015e+001,-7.10020544071488e+000

4.85029301283321e+005,-1.04786859832021e+001,-7.19756593904498e+000

4.91800058012158e+005,-1.04786653086858e+001,-7.29627423868960e+000

4.98665330982714e+005,-1.04786363076979e+001,-7.39634990452038e+000

5.05626439592555e+005,-1.04785987106132e+001,-7.49781279410246e+000

5.12684721657352e+005,-1.04785522444880e+001,-7.60068306124176e+000

5.19841533667984e+005,-1.04784966330022e+001,-7.70498115958078e+000

5.27098251051240e+005,-1.04784315963918e+001,-7.81072784624680e+000

5.34456268434150e+005,-1.04783568513723e+001,-7.91794418555515e+000

5.41916999912011e+005,-1.04782721110516e+001,-8.02665155277472e+000

5.49481879320155e+005,-1.04781770848325e+001,-8.13687163795625e+000

5.57152360509512e+005,-1.04780714783062e+001,-8.24862644983287e+000

5.64929917626012e+005,-1.04779549931338e+001,-8.36193831979187e+000

5.72816045393895e+005,-1.04778273269194e+001,-8.47682990592609e+000

5.80812259402975e+005,-1.04776881730709e+001,-8.59332419716826e+000

5.88920096399912e+005,-1.04775372206515e+001,-8.71144451751178e+000

5.97141114583549e+005,-1.04773741542207e+001,-8.83121453032471e+000

6.05476893904373e+005,-1.04771986536645e+001,-8.95265824275825e+000

6.13929036368161e+005,-1.04770103940155e+001,-9.07580001025731e+000

6.22499166343855e+005,-1.04768090452628e+001,-9.20066454117590e+000

6.31188930875742e+005,-1.04765942721516e+001,-9.32727690150134e+000

6.39999999999992e+005,-1.04763657339729e+001,-9.45566251969298e+000

6.48934067065610e+005,-1.04761230843428e+001,-9.58584719163867e+000

6.57992849059874e+005,-1.04758659709728e+001,-9.71785708573398e+000

6.67178086938309e+005,-1.04755940354298e+001,-9.85171874808721e+000

6.76491545959274e+005,-1.04753069128868e+001,-9.98745910785536e+000

6.85935016023218e+005,-1.04750042318643e+001,-1.01251054827157e+001

6.95510312016668e+005,-1.04746856139629e+001,-1.02646855844746e+001

7.05219274161021e+005,-1.04743506735866e+001,-1.04062275248201e+001

7.15063768366211e+005,-1.04739990176571e+001,-1.05497598212218e+001

7.25045686589301e+005,-1.04736302453205e+001,-1.06953114029802e+001

7.35166947198092e+005,-1.04732439476449e+001,-1.08429116174314e+001

7.45429495339801e+005,-1.04728397073105e+001,-1.09925902363108e+001

7.55835303314889e+005,-1.04724170982907e+001,-1.11443774622781e+001

7.66386370956104e+005,-1.04719756855276e+001,-1.12983039356096e+001

7.77084726012819e+005,-1.04715150245976e+001,-1.14544007410604e+001

7.87932424540735e+005,-1.04710346613719e+001,-1.16126994148998e+001

7.98931551297020e+005,-1.04705341316687e+001,-1.17732319521267e+001

8.10084220140968e+005,-1.04700129608991e+001,-1.19360308138637e+001

8.21392574440247e+005,-1.04694706637068e+001,-1.21011289349410e+001

8.32858787482825e+005,-1.04689067436004e+001,-1.22685597316664e+001

8.44485062894640e+005,-1.04683206925809e+001,-1.24383571097916e+001

8.56273635063099e+005,-1.04677119907626e+001,-1.26105554726757e+001

8.68226769566497e+005,-1.04670801059882e+001,-1.27851897296512e+001

8.80346763609423e+005,-1.04664244934391e+001,-1.29622953045962e+001

8.92635946464246e+005,-1.04657445952398e+001,-1.31419081447182e+001

9.05096679918768e+005,-1.04650398400579e+001,-1.33240647295523e+001

9.17731358730116e+005,-1.04643096426990e+001,-1.35088020801812e+001

9.30542411084985e+005,-1.04635534036972e+001,-1.36961577686784e+001

9.43532299066291e+005,-1.04627705089014e+001,-1.38861699277815e+001

9.56703519126347e+005,-1.04619603290575e+001,-1.40788772608020e+001

9.70058602566640e+005,-1.04611222193867e+001,-1.42743190517718e+001

9.83600116024313e+005,-1.04602555191606e+001,-1.44725351758387e+001

9.97330661965425e+005,-1.04593595512733e+001,-1.46735661099102e+001

1.01125287918511e+006,-1.04584336218093e+001,-1.48774529435553e+001

1.02536944331470e+006,-1.04574770196107e+001,-1.50842373901685e+001

1.03968306733597e+006,-1.04564890158405e+001,-1.52939617984023e+001

1.05419650210248e+006,-1.04554688635447e+001,-1.55066691638755e+001

1.06891253686830e+006,-1.04544157972127e+001,-1.57224031411629e+001

1.08383399982402e+006,-1.04533290323363e+001,-1.59412080560731e+001

1.09896375864031e+006,-1.04522077649684e+001,-1.61631289182223e+001

1.11430472101902e+006,-1.04510511712802e+001,-1.63882114339113e+001

1.12985983525202e+006,-1.04498584071204e+001,-1.66165020193117e+001

1.14563209078779e+006,-1.04486286075730e+001,-1.68480478139720e+001

1.16162451880595e+006,-1.04473608865177e+001,-1.70828966946486e+001

1.17784019279982e+006,-1.04460543361912e+001,-1.73210972894718e+001

1.19428222916709e+006,-1.04447080267517e+001,-1.75626989924554e+001

1.21095378780874e+006,-1.04433210058455e+001,-1.78077519783585e+001

1.22785807273632e+006,-1.04418922981780e+001,-1.80563072179078e+001

1.24499833268771e+006,-1.04404209050896e+001,-1.83084164933915e+001

1.26237786175148e+006,-1.04389058041357e+001,-1.85641324146334e+001

1.27999999999998e+006,-1.04373459486749e+001,-1.88235084353581e+001

1.29786813413122e+006,-1.04357402674626e+001,-1.90865988699561e+001

1.31598569811974e+006,-1.04340876642544e+001,-1.93534589106615e+001

1.33435617387661e+006,-1.04323870174181e+001,-1.96241446451519e+001

1.35298309191855e+006,-1.04306371795569e+001,-1.98987130745820e+001

1.37187003204643e+006,-1.04288369771444e+001,-2.01772221320624e+001

1.39102062403333e+006,-1.04269852101727e+001,-2.04597307015957e+001

1.41043854832204e+006,-1.04250806518161e+001,-2.07462986374819e+001

1.43012753673242e+006,-1.04231220481103e+001,-2.10369867842050e+001

1.45009137317860e+006,-1.04211081176509e+001,-2.13318569968139e+001

1.47033389439618e+006,-1.04190375513109e+001,-2.16309721618108e+001

1.49085899067960e+006,-1.04169090119807e+001,-2.19343962185595e+001

1.51167060662977e+006,-1.04147211343325e+001,-2.22421941812276e+001

1.53277274191220e+006,-1.04124725246103e+001,-2.25544321612758e+001

1.55416945202563e+006,-1.04101617604495e+001,-2.28711773905082e+001

1.57586484908147e+006,-1.04077873907266e+001,-2.31924982446987e+001

1.59786310259404e+006,-1.04053479354445e+001,-2.35184642678053e+001

1.62016844028193e+006,-1.04028418856533e+001,-2.38491461967892e+001

1.64278514888049e+006,-1.04002677034118e+001,-2.41846159870512e+001

1.66571757496565e+006,-1.03976238217924e+001,-2.45249468385014e+001

1.68897012578928e+006,-1.03949086449326e+001,-2.48702132222753e+001

1.71254727012620e+006,-1.03921205481370e+001,-2.52204909081119e+001

1.73645353913299e+006,-1.03892578780340e+001,-2.55758569924080e+001

1.76069352721884e+006,-1.03863189527910e+001,-2.59363899269628e+001

1.78527189292849e+006,-1.03833020623935e+001,-2.63021695484279e+001

1.81019335983753e+006,-1.03802054689908e+001,-2.66732771084745e+001

1.83546271746023e+006,-1.03770274073162e+001,-2.70497953046953e+001

1.86108482216997e+006,-1.03737660851844e+001,-2.74318083122504e+001

1.88706459813258e+006,-1.03704196840732e+001,-2.78194018162731e+001

1.91340703825269e+006,-1.03669863597958e+001,-2.82126630450460e+001

1.94011720513328e+006,-1.03634642432679e+001,-2.86116808039604e+001

1.96720023204862e+006,-1.03598514413792e+001,-2.90165455102695e+001

1.99466132393085e+006,-1.03561460379741e+001,-2.94273492286450e+001

2.02250575837021e+006,-1.03523460949506e+001,-2.98441857075471e+001

2.05073888662940e+006,-1.03484496534833e+001,-3.02671504164142e+001

2.07936613467193e+006,-1.03444547353818e+001,-3.06963405836813e+001

2.10839300420495e+006,-1.03403593445903e+001,-3.11318552356285e+001

2.13782507373659e+006,-1.03361614688397e+001,-3.15737952360673e+001

2.16766799964803e+006,-1.03318590814602e+001,-3.20222633268622e+001

2.19792751728061e+006,-1.03274501433672e+001,-3.24773641692884e+001

2.22860944203804e+006,-1.03229326052277e+001,-3.29392043862234e+001

2.25971967050404e+006,-1.03183044098223e+001,-3.34078926051646e+001

2.29126418157557e+006,-1.03135634946113e+001,-3.38835395020654e+001

2.32324903761189e+006,-1.03087077945204e+001,-3.43662578459776e+001

2.35568038559964e+006,-1.03037352449561e+001,-3.48561625444843e+001

2.38856445833418e+006,-1.02986437850665e+001,-3.53533706899027e+001

2.42190757561748e+006,-1.02934313612620e+001,-3.58580016062342e+001

2.45571614547263e+006,-1.02880959310082e+001,-3.63701768968315e+001

2.48999666537541e+006,-1.02826354669101e+001,-3.68900204927491e+001

2.52475572350295e+006,-1.02770479611011e+001,-3.74176587017368e+001

2.55999999999995e+006,-1.02713314299548e+001,-3.79532202578301e+001

2.59573626826243e+006,-1.02654839191373e+001,-3.84968363714830e+001

2.63197139623948e+006,-1.02595035090180e+001,-3.90486407801844e+001

2.66871234775322e+006,-1.02533883204570e+001,-3.96087697994860e+001

2.70596618383708e+006,-1.02471365209906e+001,-4.01773623743667e+001

2.74374006409286e+006,-1.02407463314323e+001,-4.07545601308422e+001

2.78204124806666e+006,-1.02342160329132e+001,-4.13405074277246e+001

2.82087709664407e+006,-1.02275439743799e+001,-4.19353514084206e+001

2.86025507346483e+006,-1.02207285805751e+001,-4.25392420526459e+001

2.90018274635719e+006,-1.02137683605199e+001,-4.31523322279211e+001

2.94066778879236e+006,-1.02066619165237e+001,-4.37747777406993e+001

2.98171798135919e+006,-1.01994079537428e+001,-4.44067373869600e+001

3.02334121325954e+006,-1.01920052903118e+001,-4.50483730020883e+001

3.06554548382440e+006,-1.01844528680723e+001,-4.56998495098377e+001

3.10833890405126e+006,-1.01767497639201e+001,-4.63613349701621e+001

3.15172969816293e+006,-1.01688952017982e+001,-4.70330006256734e+001

3.19572620518807e+006,-1.01608885653551e+001,-4.77150209464678e+001

3.24033688056386e+006,-1.01527294112946e+001,-4.84075736730354e+001

3.28557029776097e+006,-1.01444174834367e+001,-4.91108398569456e+001

3.33143514993129e+006,-1.01359527275137e+001,-4.98250038989728e+001

3.37794025157855e+006,-1.01273353067190e+001,-5.05502535843024e+001

3.42509454025238e+006,-1.01185656180300e+001,-5.12867801144247e+001

3.47290707826598e+006,-1.01096443093211e+001,-5.20347781352952e+001

3.52138705443768e+006,-1.01005722972808e+001,-5.27944457613084e+001

3.57054378585697e+006,-1.00913507861476e+001,-5.35659845945965e+001

3.62038671967506e+006,-1.00819812872722e+001,-5.43495997391309e+001

3.67092543492045e+006,-1.00724656395120e+001,-5.51454998090692e+001

3.72216964433992e+006,-1.00628060304608e+001,-5.59538969307475e+001

3.77412919626515e+006,-1.00530050185087e+001,-5.67750067376862e+001

3.82681407650537e+006,-1.00430655557257e+001,-5.76090483579325e+001

3.88023441026655e+006,-1.00329910115519e+001,-5.84562443930239e+001

3.93440046409724e+006,-1.00227851972748e+001,-5.93168208878186e+001

3.98932264786168e+006,-1.00124523912624e+001,-6.01910072903933e+001

4.04501151674041e+006,-1.00019973649132e+001,-6.10790364011732e+001

4.10147777325879e+006,-9.99142540927594e+000,-6.19811443104165e+001

4.15873226934385e+006,-9.98074236227802e+000,-6.28975703231391e+001

4.21678600840989e+006,-9.96995463649079e+000,-6.38285568705272e+001

4.27565014747317e+006,-9.95906924734669e+000,-6.47743494068567e+001

4.33533599929606e+006,-9.94809384170755e+000,-6.57351962909009e+001

4.39585503456121e+006,-9.93703672666694e+000,-6.67113486507933e+001

4.45721888407607e+006,-9.92590689845318e+000,-6.77030602312847e+001

4.51943934100807e+006,-9.91471407127830e+000,-6.87105872223255e+001

4.58252836315113e+006,-9.90346870595938e+000,-6.97341880679013e+001

4.64649807522377e+006,-9.89218203811472e+000,-7.07741232540533e+001

4.71136077119927e+006,-9.88086610571523e+000,-7.18306550750348e+001

4.77712891666836e+006,-9.86953377574391e+000,-7.29040473765870e+001

4.84381515123496e+006,-9.85819876969108e+000,-7.39945652753611e+001

4.91143229094526e+006,-9.84687568758365e+000,-7.51024748535794e+001

4.97999333075080e+006,-9.83558003021792e+000,-7.62280428281122e+001

5.04951144700590e+006,-9.82432821923352e+000,-7.73715361932522e+001

5.11999999999990e+006,-9.81313761463584e+000,-7.85332218365961e+001

5.19147253652485e+006,-9.80202652934114e+000,-7.97133661276037e+001

5.26394279247896e+006,-9.79101424028627e+000,-8.09122344785880e+001

5.33742469550644e+006,-9.78012099561246e+000,-8.21300908781086e+001

5.41193236767416e+006,-9.76936801740115e+000,-8.33671973969933e+001

5.48748012818571e+006,-9.75877749940872e+000,-8.46238136675011e+001

5.56408249613331e+006,-9.74837259921905e+000,-8.59001963364676e+001

5.64175419328813e+006,-9.73817742420525e+000,-8.71965984936398e+001

5.72051014692965e+006,-9.72821701067062e+000,-8.85132690768169e+001

5.80036549271437e+006,-9.71851729551951e+000,-8.98504522558661e+001

5.88133557758470e+006,-9.70910507979536e+000,-9.12083867981707e+001

5.96343596271837e+006,-9.70000798341715e+000,-9.25873054186079e+001

6.04668242651907e+006,-9.69125439044593e+000,-9.39874341177228e+001

6.13109096764879e+006,-9.68287338422178e+000,-9.54089915123791e+001

6.21667780810251e+006,-9.67489467173278e+000,-9.68521881638084e+001

6.30345939632584e+006,-9.66734849660639e+000,-9.83172259086521e+001

6.39145241037612e+006,-9.66026554015823e+000,-9.98042971992813e+001

6.48067376112770e+006,-9.65367680998973e+000,-1.01313584460383e+002

6.57114059552193e+006,-9.64761351569750e+000,-1.02845259469509e+002

6.66287029986256e+006,-9.64210693134487e+000,-1.04399482769974e+002

6.75588050315708e+006,-9.63718824445044e+000,-1.05976403125171e+002

6.85018908050475e+006,-9.63288839136855e+000,-1.07576157023996e+002

6.94581415653194e+006,-9.62923787907505e+000,-1.09198868247670e+002

7.04277410887534e+006,-9.62626659352796e+000,-1.10844647508732e+002

7.14108757171393e+006,-9.62400359494337e+000,-1.12513592173416e+002

7.24077343935009e+006,-9.62247690051560e+000,-1.14205786078923e+002

7.34185086984088e+006,-9.62171325531242e+000,-1.15921299457275e+002

7.44433928867983e+006,-9.62173789229070e+000,-1.17660188977483e+002

7.54825839253028e+006,-9.62257428260182e+000,-1.19422497917609e+002

7.65362815301072e+006,-9.62424387758820e+000,-1.21208256478016e+002

7.76046882053307e+006,-9.62676584410563e+000,-1.23017482246563e+002

7.86880092819446e+006,-9.63015679504157e+000,-1.24850180825821e+002

7.97864529572335e+006,-9.63443051712770e+000,-1.26706346631451e+002

8.09002303348081e+006,-9.63959769836530e+000,-1.28585963869750e+002

8.20295554651756e+006,-9.64566565758665e+000,-1.30489007701061e+002

8.31746453868768e+006,-9.65263807886278e+000,-1.32415445594164e+002

8.43357201681977e+006,-9.66051475363003e+000,-1.34365238875096e+002

8.55130029494632e+006,-9.66929133354101e+000,-1.36338344471907e+002

8.67067199859209e+006,-9.67895909714887e+000,-1.38334716854897e+002

8.79171006912241e+006,-9.68950473360002e+000,-1.40354310169703e+002

8.91443776815212e+006,-9.70091014653780e+000,-1.42397080558420e+002

9.03887868201611e+006,-9.71315228141095e+000,-1.44462988661728e+002

9.16505672630224e+006,-9.72620297932857e+000,-1.46552002292722e+002

9.29299615044753e+006,-9.74002886051452e+000,-1.48664099271002e+002

9.42272154239852e+006,-9.75459124028871e+000,-1.50799270403460e+002

9.55425783333670e+006,-9.76984608034141e+000,-1.52957522596240e+002

9.68763030246989e+006,-9.78574397787924e+000,-1.55138882080508e+002

9.82286458189050e+006,-9.80223019500732e+000,-1.57343397733065e+002

9.95998666150159e+006,-9.81924473048356e+000,-1.59571144471343e+002

1.00990228940118e+007,-9.83672243573741e+000,-1.61822226701140e+002

1.02399999999998e+007,-9.85459317680431e+000,-1.64096781794371e+002

1.03829450730497e+007,-9.87278204358388e+000,-1.66394983573289e+002

1.05278855849579e+007,-9.89120960760165e+000,-1.68717045776947e+002

1.06748493910128e+007,-9.90979222924098e+000,-1.71063225485100e+002

1.08238647353483e+007,-9.92844241522082e+000,-1.73433826474274e+002

1.09749602563714e+007,-9.94706922693096e+000,-1.75829202480279e+002

1.11281649922666e+007,-9.96557874009696e+000,-1.78249760340889e+002

1.12835083865762e+007,-9.98387455613882e+000,1.79304037008204e+002

1.14410202938593e+007,-1.00018583654994e+001,1.76831667711912e+002

1.16007309854287e+007,-1.00194305631496e+001,1.74332548377707e+002

1.17626711551694e+007,-1.00364909164196e+001,1.71806031691460e+002

1.19268719254367e+007,-1.00529392852375e+001,1.69251404299686e+002

1.20933648530381e+007,-1.00686763947760e+001,1.66667884993277e+002

1.22621819352976e+007,-1.00836046603743e+001,1.64054623231025e+002

1.24333556162050e+007,-1.00976290644124e+001,1.61410698045103e+002

1.26069187926517e+007,-1.01106580845154e+001,1.58735117375284e+002

1.27829048207522e+007,-1.01226046720426e+001,1.56026817883959e+002

1.29613475222554e+007,-1.01333872792097e+001,1.53284665310004e+002

1.31422811910438e+007,-1.01429309323757e+001,1.50507455426070e+002

1.33257405997251e+007,-1.01511683479338e+001,1.47693915670870e+002

1.35117610063141e+007,-1.01580410858363e+001,1.44842707535199e+002

1.37003781610095e+007,-1.01635007339963e+001,1.41952429787454e+002

1.38916283130638e+007,-1.01675101145903e+001,1.39021622630890e+002

1.40855482177507e+007,-1.01700445005853e+001,1.36048772890160e+002

1.42821751434278e+007,-1.01710928275872e+001,1.33032320328075e+002

1.44815468787002e+007,-1.01706588823242e+001,1.29970665194172e+002

1.46837017396817e+007,-1.01687624447383e+001,1.26862177103373e+002

1.48886785773596e+007,-1.01654403557709e+001,1.23705205334585e+002

1.50965167850605e+007,-1.01607474775853e+001,1.20498090624047e+002

1.53072563060214e+007,-1.01547575072720e+001,1.17239178504950e+002

1.55209376410661e+007,-1.01475635992543e+001,1.13926834211756e+002

1.57376018563889e+007,-1.01392787459200e+001,1.10559459123033e+002

1.59572905914467e+007,-1.01300358608571e+001,1.07135508659181e+002

1.61800460669616e+007,-1.01199875049496e+001,1.03653511479972e+002

1.64059110930351e+007,-1.01093051931198e+001,1.00112089741185e+002

1.66349290773753e+007,-1.00981782193902e+001,9.65099800702266e+001

1.68671440336395e+007,-1.00868119409774e+001,9.28460548095088e+001

1.71026005898926e+007,-1.00754254691325e+001,8.91193429570358e+001

1.73413439971842e+007,-1.00642487261879e+001,8.53290501116103e+001

1.75834201382448e+007,-1.00535188453890e+001,8.14745766129436e+001

1.78288755363042e+007,-1.00434759129611e+001,7.75555329643722e+001

1.80777573640322e+007,-1.00343580804674e+001,7.35717515493033e+001

1.83301134526044e+007,-1.00263961093295e+001,6.95232936144373e+001

1.85859923008950e+007,-1.00198074472426e+001,6.54104505058399e+001

1.88454430847970e+007,-1.00147899762795e+001,6.12337382192806e+001

1.91085156666734e+007,-1.00115156122453e+001,5.69938844720805e+001

1.93752606049397e+007,-1.00101239712561e+001,5.26918077234533e+001

1.96457291637810e+007,-1.00107163492162e+001,4.83285878610325e+001

1.99199733230031e+007,-1.00133502795171e+001,4.39054286227202e+001

2.01980457880235e+007,-1.00180349409658e+001,3.94236122174412e+001

2.04799999999995e+007,-1.00247276796103e+001,3.48844470215527e+001

2.07658901460993e+007,-1.00333318839444e+001,3.02892096307725e+001

2.10557711699157e+007,-1.00436964135718e+001,2.56390829103902e+001

2.13496987820257e+007,-1.00556167289551e+001,2.09350919813009e+001

2.16477294706965e+007,-1.00688378078620e+001,1.61780402841256e+001

2.19499205127428e+007,-1.00830588669724e+001,1.13684479655013e+001

2.22563299845331e+007,-1.00979398396188e+001,6.50649482761748e+000

2.25670167731524e+007,-1.01131094972813e+001,1.59196998347613e+000

2.28820405877185e+007,-1.01281750468051e+001,-3.37576981488013e+000

2.32014619708574e+007,-1.01427329894586e+001,-8.39783143423914e+000

2.35253423103387e+007,-1.01563809922784e+001,-1.34758047125653e+001

2.38537438508734e+007,-1.01687304952171e+001,-1.86117686605816e+001

2.41867297060762e+007,-1.01794197564148e+001,-2.38082834915772e+001

2.45243638705951e+007,-1.01881270182559e+001,-2.90683676518947e+001

2.48667112324099e+007,-1.01945834540347e+001,-3.43954591922743e+001

2.52138375853033e+007,-1.01985855245153e+001,-3.97933609825963e+001

2.55658096415044e+007,-1.02000063320242e+001,-4.52661694657983e+001

2.59226950445107e+007,-1.01988055056295e+001,-5.08181869216294e+001

2.62845623820876e+007,-1.01950370862615e+001,-5.64538176294921e+001

2.66514811994501e+007,-1.01888548113819e+001,-6.21774489490904e+001

2.70235220126282e+007,-1.01805141363011e+001,-6.79933192402613e+001

2.74007563220189e+007,-1.01703702906062e+001,-7.39053757623231e+001

2.77832566261276e+007,-1.01588716762053e+001,-7.99171272329707e+001

2.81710964355012e+007,-1.01465479951955e+001,-8.60314975303362e+001

2.85643502868556e+007,-1.01339926788963e+001,-9.22506889483451e+001

2.89630937574003e+007,-1.01218394967670e+001,-9.85760652241378e+001

2.93674034793634e+007,-1.01107336655704e+001,-1.05008065907213e+002

2.97773571547192e+007,-1.01012983433087e+001,-1.11546164122364e+002

3.01930335701210e+007,-1.00940980379687e+001,-1.18188878974159e+002

3.06145126120428e+007,-1.00896011141456e+001,-1.24933851421530e+002

3.10418752821322e+007,-1.00881441396360e+001,-1.31777988295015e+002

3.14752037127777e+007,-1.00899011649238e+001,-1.38717673423661e+002

3.19145811828933e+007,-1.00948610685895e+001,-1.45749038128097e+002

3.23600921339231e+007,-1.01028157683364e+001,-1.52868276477926e+002

3.28118221860701e+007,-1.01133613908972e+001,-1.60071984725993e+002

3.32698581547506e+007,-1.01259134867366e+001,-1.67357500175675e+002

3.37342880672789e+007,-1.01397361996601e+001,-1.74723213063047e+002

3.42052011797851e+007,-1.01539841191359e+001,1.77831173977096e+002

3.46826879943682e+007,-1.01677545048502e+001,1.70304460971044e+002

3.51668402764895e+007,-1.01801467801494e+001,1.62693857360441e+002

3.56577510726083e+007,-1.01903256741044e+001,1.54994991923158e+002

3.61555147280643e+007,-1.01975841117114e+001,1.47202031619906e+002

3.66602269052088e+007,-1.02014018223086e+001,1.39307909779617e+002

3.71719846017899e+007,-1.02014955633839e+001,1.31304658965037e+002

3.76908861695939e+007,-1.01978567821702e+001,1.23183838516949e+002

3.82170313333466e+007,-1.01907724786696e+001,1.14937040330680e+002

3.87505212098794e+007,-1.01808251130618e+001,1.06556448068646e+002

3.92914583275618e+007,-1.01688678485601e+001,9.80354144117702e+001

3.98399466460062e+007,-1.01559725450718e+001,8.93690087109493e+001

4.03960915760469e+007,-1.01433500212039e+001,8.05544755214795e+001

4.09599999999989e+007,-1.01322453417081e+001,7.15915365339518e+001

4.15317802921985e+007,-1.01238151136760e+001,6.24824689955589e+001

4.21115423398314e+007,-1.01189983909349e+001,5.32319073187387e+001

4.26993975640512e+007,-1.01183967437619e+001,4.38463435285406e+001

4.32954589413930e+007,-1.01221810621303e+001,3.43333446628928e+001

4.38998410254854e+007,-1.01300416270362e+001,2.47005542481235e+001

4.45126599690662e+007,-1.01411934996688e+001,1.49545896227876e+001

4.51340335463048e+007,-1.01544419419749e+001,5.09997574910101e+000

4.57640811754369e+007,-1.01683038986581e+001,-4.86173838421177e+000

4.64029239417147e+007,-1.01811734121029e+001,-1.49325534006141e+001

4.70506846206773e+007,-1.01915127276713e+001,-2.51181928624701e+001

4.77074877017467e+007,-1.01980474210461e+001,-3.54278318170269e+001

4.83734594121523e+007,-1.01999428583217e+001,-4.58733825804205e+001

4.90487277411900e+007,-1.01969399006813e+001,-5.64683832706070e+001

4.97334224648198e+007,-1.01894293840420e+001,-6.72265768517628e+001

5.04276751706064e+007,-1.01784477141330e+001,-7.81603139747878e+001

5.11316192830087e+007,-1.01655810959311e+001,-8.92789638521023e+001

5.18453900890213e+007,-1.01527752590583e+001,-1.00587567723210e+002

5.25691247641751e+007,-1.01420623678889e+001,-1.12086001058503e+002

5.33029623989002e+007,-1.01352363657752e+001,-1.23768895568215e+002

5.40470440252563e+007,-1.01335281478171e+001,-1.35626483810214e+002

5.48015126440377e+007,-1.01373453434292e+001,-1.47646361305543e+002

5.55665132522551e+007,-1.01461402598400e+001,-1.59815943372422e+002

5.63421928710024e+007,-1.01584497662195e+001,-1.72125191077357e+002

5.71287005737111e+007,-1.01721160392157e+001,1.75430933621346e+002

5.79261875148004e+007,-1.01846573318299e+001,1.62850805134670e+002

5.87348069587267e+007,-1.01937251172929e+001,1.50125643346948e+002

5.95547143094383e+007,-1.01975655536197e+001,1.37240359511313e+002

6.03860671402418e+007,-1.01953997497759e+001,1.24175675073890e+002

6.12290252240854e+007,-1.01876450489227e+001,1.10911237669925e+002

6.20837505642642e+007,-1.01759158558536e+001,9.74292628998481e+001

6.29504074255552e+007,-1.01627697283185e+001,8.37180457272691e+001

6.38291623657864e+007,-1.01512084117911e+001,6.97745428865728e+001

6.47201842678461e+007,-1.01440062963919e+001,5.56052189708007e+001

6.56236443721400e+007,-1.01430087283770e+001,4.12245942055176e+001

6.65397163095010e+007,-1.01485905698150e+001,2.66514850050651e+001

6.74685761345577e+007,-1.01594565728598e+001,1.19036711741588e+001

6.84104023595701e+007,-1.01728842735950e+001,-3.00763792925770e+000

6.93653759887363e+007,-1.01853801518986e+001,-1.80819448967423e+001

7.03336805529788e+007,-1.01935922562487e+001,-3.33309345545583e+001

7.13155021452165e+007,-1.01952438258338e+001,-4.87766968426437e+001

7.23110294561284e+007,-1.01898377767957e+001,-6.44469483312079e+001

7.33204538104174e+007,-1.01789202048058e+001,-8.03682531673202e+001

7.43439692035797e+007,-1.01657718383974e+001,-9.65588774544978e+001

7.53817723391876e+007,-1.01545257881865e+001,-1.13023358038294e+002

7.64340626666931e+007,-1.01488925303418e+001,-1.29750880045648e+002

7.75010424197586e+007,-1.01508689977400e+001,-1.46718761225434e+002

7.85829166551234e+007,-1.01599143880618e+001,-1.63900619609194e+002

7.96798932920122e+007,-1.01729799915115e+001,1.78723274636730e+002

8.07921831520937e+007,-1.01854752663713e+001,1.61157267631357e+002

8.19199999999977e+007,-1.01928749984251e+001,1.43386702194085e+002

8.30635605843968e+007,-1.01924085467054e+001,1.25381114138997e+002

8.42230846796626e+007,-1.01842165443470e+001,1.07103573758884e+002

8.53987951281022e+007,-1.01714947803929e+001,8.85233347088729e+001

8.65909178827858e+007,-1.01594314901629e+001,6.96273675237312e+001

8.77996820509706e+007,-1.01531742813977e+001,5.04258078394830e+001

8.90253199381321e+007,-1.01555620975439e+001,3.09477568425580e+001

9.02680670926093e+007,-1.01656680586252e+001,1.12277775479974e+001

9.15281623508736e+007,-1.01789934102629e+001,-8.71154500549819e+000

9.28058478834291e+007,-1.01893944328432e+001,-2.88726866011565e+001

9.41013692413544e+007,-1.01919322629074e+001,-4.92851151742498e+001

9.54149754034931e+007,-1.01853371144103e+001,-6.99943454196808e+001

9.67469188243043e+007,-1.01728733428912e+001,-9.10422493382260e+001

9.80974554823798e+007,-1.01609876439886e+001,-1.12447260018972e+002

9.94668449296393e+007,-1.01561015172160e+001,-1.34194810751802e+002

1.00855350341213e+008,-1.01610330855656e+001,-1.56245185562490e+002

1.02263238566017e+008,-1.01731309968752e+001,-1.78556951988613e+002

1.03690780178042e+008,-1.01855045526323e+001,1.58886413011065e+002

1.05138249528350e+008,-1.01908955829329e+001,1.36062880290772e+002

1.06605924797800e+008,-1.01860333132278e+001,1.12920529761159e+002

1.08094088050512e+008,-1.01738847427300e+001,8.94050645031978e+001

1.09603025288075e+008,-1.01621977130206e+001,6.54913478321487e+001

1.11133026504510e+008,-1.01587429677964e+001,4.11992250343626e+001

1.12684385742004e+008,-1.01659928689158e+001,1.65801233216502e+001

1.14257401147422e+008,-1.01790323749877e+001,-8.32037381664656e+000

1.15852375029601e+008,-1.01886762024000e+001,-3.34989418465507e+001

1.17469613917453e+008,-1.01879396903019e+001,-5.90025417236703e+001

1.19109428618876e+008,-1.01773335740715e+001,-8.48999045981224e+001

1.20772134280483e+008,-1.01649467909300e+001,-1.11234288066685e+002

1.22458050448171e+008,-1.01606021080486e+001,-1.37991453782721e+002

1.24167501128528e+008,-1.01679466755032e+001,-1.65111313826359e+002

1.25900814851110e+008,-1.01809878163086e+001,1.67460152972684e+002

1.27658324731572e+008,-1.01887089622206e+001,1.39719811359627e+002

1.29440368535692e+008,-1.01844084138161e+001,1.11602684517800e+002

1.31247288744280e+008,-1.01718823806687e+001,8.30315653519696e+001

1.33079432619002e+008,-1.01626192019958e+001,5.39818906277750e+001

1.34937152269115e+008,-1.01654517286165e+001,2.45034437409135e+001

1.36820804719140e+008,-1.01777513508034e+001,-5.32885401253896e+000

1.38730751977472e+008,-1.01874132047836e+001,-3.54940391780406e+001

1.40667361105957e+008,-1.01846837296432e+001,-6.60548454078103e+001

1.42631004290433e+008,-1.01723707343903e+001,-9.71030706524739e+001

1.44622058912256e+008,-1.01636054139244e+001,-1.28669953230444e+002

1.46640907620835e+008,-1.01680825530919e+001,-1.60694427665630e+002

1.48687938407159e+008,-1.01808664649439e+001,1.66906580473897e+002

1.50763544678375e+008,-1.01873298696402e+001,1.34136111223467e+002

1.52868125333386e+008,-1.01798995957477e+001,1.00902494020739e+002

1.55002084839517e+008,-1.01675137828124e+001,6.71170297194783e+001

1.57165833310246e+008,-1.01655457006985e+001,3.27959560408036e+001

1.59359786584024e+008,-1.01765810568934e+001,-1.96212231250434e+000

1.61584366304187e+008,-1.01863417979178e+001,-3.71093254727196e+001

1.63839999999995e+008,-1.01819086512214e+001,-7.27234895230543e+001

1.66127121168793e+008,-1.01693169639799e+001,-1.08917652896122e+002

1.68446169359325e+008,-1.01661753949763e+001,-1.45693999652355e+002

1.70797590256204e+008,-1.01770479732052e+001,1.77055672111297e+002

1.73181835765571e+008,-1.01860606512544e+001,1.39386065511124e+002

1.75599364101941e+008,-1.01797786774871e+001,1.01203292178568e+002

1.78050639876264e+008,-1.01678508897025e+001,6.23905641838150e+001

1.80536134185218e+008,-1.01690584912092e+001,2.29787319813508e+001

1.83056324701747e+008,-1.01814952020383e+001,-1.69077119001081e+001

1.85611695766858e+008,-1.01847487781481e+001,-5.72640890338887e+001

1.88202738482708e+008,-1.01734139102429e+001,-9.82312521318596e+001

1.90829950806986e+008,-1.01670397241592e+001,-1.39873633225645e+002

1.93493837648608e+008,-1.01768902717458e+001,1.77924185697775e+002

1.96194910964759e+008,-1.01852204309515e+001,1.35242901352063e+002

1.98933689859278e+008,-1.01767733021557e+001,9.19636702946329e+001

2.01710700682425e+008,-1.01675188504157e+001,4.79678127787255e+001

2.04526477132034e+008,-1.01753065575886e+001,3.34908785350486e+000

2.07381560356084e+008,-1.01847775377059e+001,-4.17785466164106e+001

2.10276499056700e+008,-1.01769706403481e+001,-8.75263043997424e+001

2.13211849595600e+008,-1.01680210867666e+001,-1.34028794246813e+002

2.16188176101024e+008,-1.01767297522538e+001,1.78818684877714e+002

2.19206050576150e+008,-1.01843649410398e+001,1.31125756276244e+002

2.22266053009019e+008,-1.01743160981091e+001,8.27478762672298e+001

2.25368771484008e+008,-1.01691576227181e+001,3.35794302809588e+001

2.28514802294843e+008,-1.01806164474145e+001,-1.62256428497932e+001

2.31704750059200e+008,-1.01819578682816e+001,-6.66251169507626e+001

2.34939227834906e+008,-1.01701537202614e+001,-1.17814351842288e+002

2.38218857237752e+008,-1.01738865286061e+001,-1.69785043625243e+002

2.41544268560966e+008,-1.01837917645926e+001,1.37636064253242e+002

2.44916100896340e+008,-1.01749668785258e+001,8.43314336843224e+001

2.48335002257056e+008,-1.01702624383328e+001,3.01602790991576e+001

2.51801629702220e+008,-1.01818894722766e+001,-2.47017257802729e+001

2.55316649463144e+008,-1.01787456293048e+001,-8.02493751056839e+001

2.58880737071383e+008,-1.01695852763793e+001,-1.36693944412794e+002

2.62494577488559e+008,-1.01797104223518e+001,1.66084518248924e+002

2.66158865238003e+008,-1.01803973080898e+001,1.08176941809598e+002

2.69874304538230e+008,-1.01698512847640e+001,4.93544567004762e+001

2.73641609438279e+008,-1.01788023897886e+001,-1.03053556991831e+001

2.77461503954944e+008,-1.01803753029179e+001,-7.06760568314881e+001

2.81334722211914e+008,-1.01698788048249e+001,-1.31994673924544e+002

2.85262008580865e+008,-1.01793116453852e+001,1.65821019838798e+002

2.89244117824512e+008,-1.01786269860316e+001,1.02885639087455e+002

2.93281815241668e+008,-1.01694181288192e+001,3.89491376511999e+001

2.97375876814318e+008,-1.01798086895083e+001,-2.58438321470540e+001

3.01527089356749e+008,-1.01712922096635e+001,-9.14575656851796e+001

3.05736250666771e+008,-1.01622241836484e+001,-1.58156239423835e+002

3.10004169679033e+008,-1.01736725494948e+001,1.34287622044320e+002

3.14331666620492e+008,-1.01697042048671e+001,6.58262004971020e+001

3.18719573168047e+008,-1.01762230375398e+001,-3.65360861733279e+000

3.23168732608373e+008,-1.01786671612561e+001,-7.39887317197961e+001

3.27679999999989e+008,-1.01715343598567e+001,-1.45413743811322e+002

3.32254242337586e+008,-1.01814581198831e+001,1.42210136185697e+002

3.36892338718649e+008,-1.01731073656537e+001,6.88504692769011e+001

3.41595180512407e+008,-1.01776809887344e+001,-5.62353462653157e+000

3.46363671531142e+008,-1.01781596721730e+001,-8.10160433381513e+001

3.51198728203881e+008,-1.01732910207821e+001,-1.57580545471658e+002

3.56101279752527e+008,-1.01812852786288e+001,1.24876039521306e+002

3.61072268370436e+008,-1.01719646805214e+001,4.62043018596685e+001

3.66112649403493e+008,-1.01811751377609e+001,-3.35679362179726e+001

3.71223391533715e+008,-1.01732342105380e+001,-1.14408979275694e+002

3.76405476965416e+008,-1.01793674670040e+001,1.63543533164707e+002

3.81659901613971e+008,-1.01752738235459e+001,8.04505647144285e+001

3.86987675297216e+008,-1.01774959446968e+001,-3.91472488443381e+000

3.92389821929517e+008,-1.01768874405602e+001,-8.93403828795278e+001

3.97867379718556e+008,-1.01762985403205e+001,-1.76076339586462e+002

4.03421401364849e+008,-1.01777181084913e+001,9.60926284792181e+001

4.09052954264066e+008,-1.01758875365177e+001,6.92232101690140e+000

4.14763120712167e+008,-1.01777842312600e+001,-8.33817390082891e+001

4.20552998113398e+008,-1.01762092423201e+001,-1.75056308622047e+002

4.26423699191198e+008,-1.01771285086128e+001,9.20987876904578e+001

4.32376352202047e+008,-1.01772421932558e+001,-2.15106760440635e+000

4.38412101152298e+008,-1.01757864619591e+001,-9.76099148256274e+001

4.44532106018038e+008,-1.01788608329482e+001,1.65497675601749e+002

4.50737542968016e+008,-1.01740848835821e+001,6.73420094154376e+001

4.57029604589685e+008,-1.01804089341742e+001,-3.22535070556452e+001

4.63409500118400e+008,-1.01731060158550e+001,-1.33198560900712e+002

4.69878455669810e+008,-1.01803989151830e+001,1.24443222065698e+002

4.76437714475503e+008,-1.01745089700259e+001,2.06200970966478e+001

4.83088537121932e+008,-1.01775532421457e+001,-8.45816572064673e+001

4.89832201792680e+008,-1.01783631183145e+001,1.68659332831976e+002

4.96670004514110e+008,-1.01738338856024e+001,6.04900179309520e+001

5.03603259404439e+008,-1.01804035477472e+001,-4.92314854736923e+001

5.10633298926288e+008,-1.01747748546505e+001,-1.60498331325470e+002

5.17761474142765e+008,-1.01764795917858e+001,8.67443269877924e+001

5.24989154977117e+008,-1.01797497455411e+001,-2.76631216980960e+001

5.32317730476004e+008,-1.01737309385460e+001,-1.43626619304057e+002

5.39748609076458e+008,-1.01778680899162e+001,9.88134319752239e+001

5.47283218876557e+008,-1.01791037200332e+001,-2.04529288751855e+001

5.54923007909887e+008,-1.01737408522905e+001,-1.41335389852430e+002

5.62669444423827e+008,-1.01775017359924e+001,9.61095959322155e+001

5.70524017161728e+008,-1.01795480013211e+001,-2.82143833660507e+001

5.78488235649024e+008,-1.01743500991797e+001,-1.54242875342997e+002

5.86563630483336e+008,-1.01753159340212e+001,7.80047124666615e+001

5.94751753628634e+008,-1.01795010083147e+001,-5.15752667752364e+001

6.03054178713497e+008,-1.01759575440481e+001,1.77027566274428e+002

6.11472501333541e+008,-1.01650056600569e+001,4.38379698357014e+001

6.20008339358065e+008,-1.01722293428704e+001,-9.12886825739116e+001

6.28663333240983e+008,-1.01785151326968e+001,1.31756766861281e+002

6.37439146336093e+008,-1.01773343428221e+001,-7.12575532103512e+000

6.46337465216745e+008,-1.01745080454362e+001,-1.47923184729349e+002

6.55359999999977e+008,-1.01751313682518e+001,6.93241043716980e+001

6.64508484675170e+008,-1.01781206974988e+001,-7.54403154984632e+001

6.73784677437296e+008,-1.01794873674814e+001,1.37755247373994e+002

6.83190361024813e+008,-1.01779672688070e+001,-1.10963770337132e+001

6.92727343062282e+008,-1.01755516815546e+001,-1.62010132412129e+002

7.02397456407760e+008,-1.01745127370998e+001,4.49807129118902e+001

7.12202559505052e+008,-1.01753670280787e+001,-1.10165403118777e+002

7.22144536740870e+008,-1.01771527146619e+001,9.25138994197937e+001

7.32225298806984e+008,-1.01786789431506e+001,-6.70115798017723e+001

7.42446783067428e+008,-1.01793353796410e+001,1.31231959577624e+002

7.52810953930830e+008,-1.01791503474163e+001,-3.27820746311148e+001

7.63319803227940e+008,-1.01784718970451e+001,1.60917179543018e+002

7.73975350594429e+008,-1.01776620569873e+001,-7.70193329120892e+000

7.84779643859033e+008,-1.01769538498475e+001,-1.78672649217893e+002

7.95734759437109e+008,-1.01764435182889e+001,7.97108323316985e+000

8.06842802729695e+008,-1.01761413753943e+001,-1.67804929948520e+002

8.18105908528131e+008,-1.01760262575820e+001,1.39650058811857e+001

8.29526241424333e+008,-1.01760814426759e+001,-1.66753545226690e+002

8.41105996226795e+008,-1.01763089533679e+001,1.00048178996219e+001

8.52847398382395e+008,-1.01767234283470e+001,-1.75794648360027e+002

8.64752704404093e+008,-1.01773238320027e+001,-4.18677582074573e+000

8.76824202304595e+008,-1.01780400251662e+001,1.64793533413751e+002

8.89064212036074e+008,-1.01786565669693e+001,-2.88887704671459e+001

9.01475085936030e+008,-1.01786774169922e+001,1.34731502119863e+002

9.14059209179369e+008,-1.01755979916231e+001,-6.43742840363913e+001

9.26819000236798e+008,-1.01721837323151e+001,9.36341013529587e+001

9.39756911339618e+008,-1.01752706011530e+001,-1.11079774446069e+002

9.52875428951004e+008,-1.01751532598716e+001,4.13261858111424e+001

9.66177074243861e+008,-1.01763581887425e+001,-1.69169081235892e+002

9.79664403585357e+008,-1.01782456921783e+001,-2.25922692810831e+001

9.93340009028218e+008,-1.01784960335399e+001,1.21015021618326e+002

1.00000000000000e+009,-1.01761666347758e+001,1.56100660456559e+001

